/*******************************************************************************
 * Size: 18 px
 * Bpp: 4
 * Opts: --no-compress --no-prefilter --bpp 4 --size 18 --font vendor/sifli/boards/sf32lb52/lckfb_huangshan_pi/src/etc/data/font/MiSans-Regular.ttf -r 0x20-0x7F,0x2026-0x2026,0x4E00-0x4E00,0x4E07-0x4E07,0x4E09-0x4E0B,0x4E24-0x4E24,0x4E2D-0x4E2D,0x4E49-0x4E49,0x4E70-0x4E70,0x4E8C-0x4E8C,0x4E8E-0x4E8E,0x4E94-0x4E94,0x4F1A-0x4F1A,0x4FE1-0x4FE1,0x4FEE-0x4FEE,0x5065-0x5065,0x5143-0x5143,0x5165-0x5165,0x5168-0x5168,0x516C-0x516C,0x5173-0x5173,0x51FB-0x51FB,0x5206-0x5206,0x5212-0x5212,0x52A0-0x52A0,0x5339-0x5339,0x5348-0x5348,0x53BB-0x53BB,0x53CB-0x53CB,0x540D-0x540D,0x5468-0x5468,0x56DE-0x56DE,0x56E2-0x56E2,0x56F4-0x56F4,0x5730-0x5730,0x578B-0x578B,0x5988-0x5988,0x59CB-0x59CB,0x5B8C-0x5B8C,0x5C0F-0x5C0F,0x5C31-0x5C31,0x5EFA-0x5EFA,0x5F00-0x5F00,0x5F15-0x5F15,0x5F97-0x5F97,0x5FAE-0x5FAE,0x5FEB-0x5FEB,0x6211-0x6211,0x6216-0x6216,0x627E-0x627E,0x62A5-0x62A5,0x6362-0x6362,0x6377-0x6377,0x63D0-0x63D0,0x641C-0x641C,0x6539-0x6539,0x6587-0x6587,0x65B9-0x65B9,0x65E0-0x65E0,0x65E5-0x65E5,0x670B-0x670B,0x6728-0x6728,0x672B-0x672C,0x6761-0x6761,0x679C-0x679C,0x67E5-0x67E5,0x683C-0x683C,0x6863-0x6863,0x68CB-0x68CB,0x690D-0x690D,0x6A21-0x6A21,0x6B21-0x6B21,0x6B65-0x6B65,0x6BCF-0x6BCF,0x6C34-0x6C34,0x6CD5-0x6CD5,0x6D4B-0x6D4B,0x6E05-0x6E05,0x70B9-0x70B9,0x738B-0x738B,0x751F-0x751F,0x7535-0x7535,0x7684-0x7684,0x79BB-0x79BB,0x79CD-0x79CD,0x79FB-0x79FB,0x7B97-0x7B97,0x7CD5-0x7CD5,0x7D22-0x7D22,0x7EAA-0x7EAA,0x7EBF-0x7EBF,0x7ED3-0x7ED3,0x7EEA-0x7EEA,0x804A-0x804A,0x86CB-0x86CB,0x8868-0x8868,0x88C5-0x88C5,0x8981-0x8981,0x8BA1-0x8BA1,0x8BD5-0x8BD5,0x8BE2-0x8BE2,0x8BED-0x8BED,0x8BF4-0x8BF4,0x8BFE-0x8BFE,0x8DD1-0x8DD1,0x8EAB-0x8EAB,0x8F66-0x8F66,0x8F7D-0x8F7D,0x8F93-0x8F93,0x8FD9-0x8FD9,0x9009-0x9009,0x9020-0x9020,0x914D-0x914D,0x9192-0x9192,0x91CC-0x91CC,0x961F-0x961F,0x9664-0x9664,0x9884-0x9884 --symbols  adehlnoprvw…一万三上下两中义买二于五会信修健元入全公关击分划加匹午去友名周回团围地型妈始完小就建开引得微快我或找报换捷提搜改文方无日朋木末本条果查格档棋植模次步每水法测清点王生电的离种移算糕索纪线结绪聊蛋表装要计试询语说课跑身车载输这选造配醒里队除预 --format lvgl -o /tmp/lv_font_misans_ui.c --force-fast-kern-format
 ******************************************************************************/

#ifdef LV_LVGL_H_INCLUDE_SIMPLE
#include "lvgl.h"
#else
#include "lvgl/lvgl.h"
#endif

#ifndef LV_FONT_MISANS_UI
#define LV_FONT_MISANS_UI 1
#endif

#if LV_FONT_MISANS_UI

/*-----------------
 *    BITMAPS
 *----------------*/

/*Store the image of the glyphs*/
static LV_ATTRIBUTE_LARGE_CONST const uint8_t glyph_bitmap[] = {
    /* U+0020 " " */

    /* U+0021 "!" */
    0x7f, 0x47, 0xf4, 0x6f, 0x36, 0xf3, 0x5f, 0x35,
    0xf2, 0x5f, 0x24, 0xf1, 0x4f, 0x13, 0xd0, 0x0,
    0x0, 0x0, 0x7e, 0x58, 0xf5,

    /* U+0022 "\"" */
    0x1b, 0x65, 0xb2, 0x1f, 0x86, 0xf3, 0xf, 0x75,
    0xf1, 0xf, 0x54, 0xf0, 0xd, 0x43, 0xf0,

    /* U+0023 "#" */
    0x0, 0x0, 0x5f, 0x0, 0x1f, 0x40, 0x0, 0x0,
    0x9d, 0x0, 0x4f, 0x10, 0x0, 0x0, 0xca, 0x0,
    0x8e, 0x0, 0x0, 0x0, 0xf7, 0x0, 0xbb, 0x0,
    0xa, 0xff, 0xff, 0xff, 0xff, 0xf9, 0x3, 0x59,
    0xf6, 0x57, 0xf8, 0x53, 0x0, 0x8, 0xd0, 0x4,
    0xf2, 0x0, 0x0, 0xb, 0xa0, 0x7, 0xe0, 0x0,
    0x1, 0x1e, 0x81, 0x1a, 0xc1, 0x10, 0x4f, 0xff,
    0xff, 0xff, 0xff, 0xf0, 0x14, 0x8f, 0x44, 0x5f,
    0x84, 0x40, 0x0, 0x8e, 0x0, 0x4f, 0x20, 0x0,
    0x0, 0xba, 0x0, 0x7e, 0x0, 0x0, 0x0, 0xf7,
    0x0, 0xbb, 0x0, 0x0,

    /* U+0024 "$" */
    0x0, 0x0, 0x6f, 0x20, 0x0, 0x0, 0x1, 0x9f,
    0x60, 0x0, 0x0, 0x9f, 0xff, 0xfe, 0x50, 0x9,
    0xf9, 0x8f, 0x7c, 0xf5, 0xf, 0xa0, 0x6f, 0x20,
    0x92, 0x2f, 0x70, 0x6f, 0x20, 0x0, 0xf, 0xd0,
    0x6f, 0x20, 0x0, 0x7, 0xfe, 0xbf, 0x20, 0x0,
    0x0, 0x5c, 0xff, 0xd7, 0x10, 0x0, 0x0, 0x6f,
    0xdf, 0xe1, 0x0, 0x0, 0x6f, 0x26, 0xf9, 0x0,
    0x0, 0x6f, 0x20, 0xdd, 0x7, 0x0, 0x6f, 0x20,
    0xeb, 0x3f, 0xc3, 0x6f, 0x39, 0xf6, 0x4, 0xef,
    0xff, 0xff, 0x90, 0x0, 0x6, 0xbf, 0x83, 0x0,
    0x0, 0x0, 0x6f, 0x20, 0x0,

    /* U+0025 "%" */
    0x5, 0xdf, 0xc4, 0x0, 0x0, 0x1e, 0xb0, 0x4,
    0xf9, 0x5a, 0xf2, 0x0, 0xb, 0xe1, 0x0, 0xab,
    0x0, 0xd, 0x70, 0x6, 0xf5, 0x0, 0xa, 0xa0,
    0x0, 0xc8, 0x2, 0xfa, 0x0, 0x0, 0x6f, 0x40,
    0x6f, 0x30, 0xce, 0x10, 0x0, 0x0, 0x9f, 0xff,
    0x70, 0x7f, 0x40, 0x0, 0x0, 0x0, 0x12, 0x0,
    0x2f, 0x90, 0x0, 0x0, 0x0, 0x0, 0x0, 0xd,
    0xd0, 0x0, 0x0, 0x0, 0x0, 0x0, 0x8, 0xf3,
    0x7, 0xef, 0xc3, 0x0, 0x0, 0x3, 0xf8, 0x6,
    0xf7, 0x4a, 0xf1, 0x0, 0x0, 0xdd, 0x0, 0xc9,
    0x0, 0xe, 0x60, 0x0, 0x9f, 0x30, 0xc, 0x90,
    0x0, 0xe6, 0x0, 0x4f, 0x70, 0x0, 0x6f, 0x74,
    0xaf, 0x10, 0x1e, 0xc0, 0x0, 0x0, 0x7e, 0xfc,
    0x30,

    /* U+0026 "&" */
    0x0, 0x1, 0xae, 0xfb, 0x20, 0x0, 0x0, 0x0,
    0xdf, 0x98, 0xfe, 0x0, 0x0, 0x0, 0x5f, 0x50,
    0x5, 0xf5, 0x0, 0x0, 0x7, 0xf1, 0x0, 0x3f,
    0x50, 0x0, 0x0, 0x4f, 0x60, 0xb, 0xf1, 0x0,
    0x0, 0x0, 0xcf, 0x6d, 0xf5, 0x0, 0x0, 0x0,
    0x8, 0xff, 0xb2, 0x0, 0x0, 0x0, 0x1c, 0xfa,
    0xfd, 0x10, 0x6, 0x40, 0xb, 0xf3, 0x3, 0xfc,
    0x0, 0xf9, 0x0, 0xf8, 0x0, 0x5, 0xfb, 0x8f,
    0x20, 0x2f, 0x70, 0x0, 0x6, 0xff, 0x90, 0x0,
    0xed, 0x10, 0x0, 0x4f, 0xf8, 0x0, 0x6, 0xfd,
    0x77, 0xbf, 0xba, 0xf5, 0x0, 0x5, 0xcf, 0xfc,
    0x50, 0xd, 0xf3,

    /* U+0027 "'" */
    0x1b, 0x61, 0xf8, 0xf, 0x60, 0xf5, 0xe, 0x40,

    /* U+0028 "(" */
    0x0, 0x56, 0x0, 0xf8, 0x7, 0xf1, 0xc, 0xb0,
    0x1f, 0x60, 0x5f, 0x20, 0x8f, 0x0, 0x9e, 0x0,
    0xad, 0x0, 0xad, 0x0, 0x9e, 0x0, 0x6f, 0x10,
    0x3f, 0x40, 0xe, 0x80, 0x9, 0xe0, 0x3, 0xf4,
    0x0, 0xcb,

    /* U+0029 ")" */
    0x28, 0x10, 0x0, 0xe8, 0x0, 0x7, 0xf0, 0x0,
    0x2f, 0x50, 0x0, 0xda, 0x0, 0xa, 0xe0, 0x0,
    0x6f, 0x10, 0x5, 0xf2, 0x0, 0x4f, 0x30, 0x4,
    0xf3, 0x0, 0x5f, 0x20, 0x8, 0xf0, 0x0, 0xbc,
    0x0, 0xf, 0x80, 0x5, 0xf2, 0x0, 0xbc, 0x0,
    0x2f, 0x40, 0x0,

    /* U+002A "*" */
    0x0, 0x89, 0x0, 0x6c, 0xaa, 0xc6, 0x9, 0xff,
    0x91, 0x4e, 0xee, 0xe5, 0x25, 0x89, 0x53, 0x0,
    0x45, 0x0,

    /* U+002B "+" */
    0x0, 0x1, 0x41, 0x0, 0x0, 0x0, 0x3f, 0x40,
    0x0, 0x0, 0x3, 0xf4, 0x0, 0x0, 0x11, 0x5f,
    0x51, 0x11, 0x9f, 0xff, 0xff, 0xff, 0x92, 0x44,
    0x7f, 0x74, 0x42, 0x0, 0x3, 0xf4, 0x0, 0x0,
    0x0, 0x3f, 0x40, 0x0, 0x0, 0x3, 0xf4, 0x0,
    0x0,

    /* U+002C "," */
    0x8f, 0x3a, 0xe0, 0xca, 0xe, 0x50,

    /* U+002D "-" */
    0x2, 0x22, 0x22, 0x4, 0xff, 0xff, 0xf5, 0x14,
    0x44, 0x44, 0x10,

    /* U+002E "." */
    0x4, 0x9, 0xf8, 0x7f, 0x50,

    /* U+002F "/" */
    0x0, 0x0, 0x3f, 0x50, 0x0, 0x8, 0xf1, 0x0,
    0x0, 0xdb, 0x0, 0x0, 0x2f, 0x60, 0x0, 0x6,
    0xf2, 0x0, 0x0, 0xbd, 0x0, 0x0, 0xf, 0x80,
    0x0, 0x5, 0xf3, 0x0, 0x0, 0xae, 0x0, 0x0,
    0xe, 0x90, 0x0, 0x4, 0xf4, 0x0, 0x0, 0x8f,
    0x0, 0x0, 0xd, 0xb0, 0x0, 0x2, 0xf6, 0x0,
    0x0,

    /* U+0030 "0" */
    0x0, 0x5c, 0xfe, 0x90, 0x0, 0x6, 0xfd, 0x8a,
    0xfc, 0x0, 0x1f, 0xc0, 0x0, 0x6f, 0x70, 0x6f,
    0x40, 0x0, 0xd, 0xd0, 0xaf, 0x0, 0x0, 0x8,
    0xf1, 0xcc, 0x0, 0x0, 0x5, 0xf3, 0xdb, 0x0,
    0x0, 0x4, 0xf4, 0xdb, 0x0, 0x0, 0x4, 0xf4,
    0xcc, 0x0, 0x0, 0x5, 0xf3, 0xaf, 0x0, 0x0,
    0x8, 0xf1, 0x6f, 0x30, 0x0, 0xd, 0xd0, 0x1f,
    0xc0, 0x0, 0x6f, 0x70, 0x6, 0xfc, 0x8a, 0xfc,
    0x0, 0x0, 0x5c, 0xfe, 0x90, 0x0,

    /* U+0031 "1" */
    0x0, 0x7e, 0xc4, 0xef, 0xfc, 0x7b, 0x3d, 0xc0,
    0x0, 0xdc, 0x0, 0xd, 0xc0, 0x0, 0xdc, 0x0,
    0xd, 0xc0, 0x0, 0xdc, 0x0, 0xd, 0xc0, 0x0,
    0xdc, 0x0, 0xd, 0xc0, 0x0, 0xdc, 0x0, 0xd,
    0xc0, 0x0, 0xdc,

    /* U+0032 "2" */
    0x0, 0x6d, 0xfe, 0x91, 0x0, 0xaf, 0xc8, 0xaf,
    0xd1, 0x4f, 0x80, 0x0, 0x5f, 0x70, 0x50, 0x0,
    0x0, 0xf9, 0x0, 0x0, 0x0, 0x1f, 0x80, 0x0,
    0x0, 0x7, 0xf3, 0x0, 0x0, 0x2, 0xfa, 0x0,
    0x0, 0x1, 0xde, 0x10, 0x0, 0x0, 0xcf, 0x30,
    0x0, 0x0, 0xaf, 0x50, 0x0, 0x0, 0x8f, 0x70,
    0x0, 0x0, 0x6f, 0x90, 0x0, 0x0, 0x3f, 0xf7,
    0x77, 0x77, 0x66, 0xff, 0xff, 0xff, 0xfe,

    /* U+0033 "3" */
    0x6f, 0xff, 0xff, 0xff, 0x40, 0x27, 0x77, 0x78,
    0xff, 0x10, 0x0, 0x0, 0xa, 0xf4, 0x0, 0x0,
    0x0, 0x6f, 0x60, 0x0, 0x0, 0x3, 0xf9, 0x0,
    0x0, 0x0, 0x1e, 0xb0, 0x0, 0x0, 0x0, 0x9f,
    0xff, 0xc3, 0x0, 0x0, 0x17, 0x46, 0xdf, 0x30,
    0x0, 0x0, 0x0, 0x1e, 0xc0, 0x0, 0x0, 0x0,
    0xa, 0xf0, 0x3, 0x0, 0x0, 0xb, 0xf0, 0x7f,
    0x40, 0x0, 0x2f, 0xb0, 0xc, 0xfa, 0x89, 0xff,
    0x20, 0x0, 0x7d, 0xfe, 0xa2, 0x0,

    /* U+0034 "4" */
    0x0, 0x0, 0xb, 0xfc, 0x0, 0x0, 0x0, 0x4f,
    0xfc, 0x0, 0x0, 0x0, 0xcd, 0xcc, 0x0, 0x0,
    0x5, 0xf5, 0xcc, 0x0, 0x0, 0xe, 0xc0, 0xcc,
    0x0, 0x0, 0x7f, 0x40, 0xcc, 0x0, 0x1, 0xeb,
    0x0, 0xcc, 0x0, 0x8, 0xf2, 0x0, 0xcc, 0x0,
    0x2f, 0x90, 0x0, 0xcc, 0x0, 0xaf, 0x32, 0x22,
    0xcd, 0x21, 0xff, 0xff, 0xff, 0xff, 0xf8, 0x45,
    0x55, 0x55, 0xdd, 0x52, 0x0, 0x0, 0x0, 0xcc,
    0x0, 0x0, 0x0, 0x0, 0xcc, 0x0,

    /* U+0035 "5" */
    0x9, 0xff, 0xff, 0xff, 0x50, 0xa, 0xe7, 0x77,
    0x77, 0x20, 0xb, 0xc0, 0x0, 0x0, 0x0, 0xc,
    0xb0, 0x0, 0x0, 0x0, 0xd, 0x90, 0x1, 0x0,
    0x0, 0xf, 0xbc, 0xff, 0xd4, 0x0, 0xf, 0xf9,
    0x57, 0xef, 0x30, 0x7, 0x50, 0x0, 0x2f, 0xb0,
    0x0, 0x0, 0x0, 0xa, 0xf0, 0x0, 0x0, 0x0,
    0x8, 0xf0, 0x5, 0x0, 0x0, 0xb, 0xf0, 0x5f,
    0x70, 0x0, 0x3f, 0xa0, 0xa, 0xfb, 0x8a, 0xfe,
    0x10, 0x0, 0x6d, 0xfe, 0xa1, 0x0,

    /* U+0036 "6" */
    0x0, 0x0, 0xce, 0x10, 0x0, 0x0, 0x6, 0xf6,
    0x0, 0x0, 0x0, 0xe, 0xc0, 0x0, 0x0, 0x0,
    0x8f, 0x20, 0x0, 0x0, 0x1, 0xf8, 0x1, 0x0,
    0x0, 0xa, 0xfc, 0xff, 0xd4, 0x0, 0x1f, 0xfa,
    0x67, 0xdf, 0x40, 0x7f, 0x70, 0x0, 0x1e, 0xd0,
    0xaf, 0x0, 0x0, 0x8, 0xf1, 0xbe, 0x0, 0x0,
    0x6, 0xf3, 0xaf, 0x0, 0x0, 0x9, 0xf1, 0x5f,
    0x90, 0x0, 0x2f, 0xb0, 0xa, 0xfc, 0x89, 0xfe,
    0x20, 0x0, 0x7d, 0xfe, 0xa2, 0x0,

    /* U+0037 "7" */
    0x7f, 0xff, 0xff, 0xff, 0x93, 0x77, 0x77, 0x7a,
    0xf7, 0x0, 0x0, 0x0, 0x9f, 0x10, 0x0, 0x0,
    0x1f, 0xa0, 0x0, 0x0, 0x7, 0xf3, 0x0, 0x0,
    0x0, 0xdd, 0x0, 0x0, 0x0, 0x4f, 0x60, 0x0,
    0x0, 0xa, 0xf0, 0x0, 0x0, 0x1, 0xf9, 0x0,
    0x0, 0x0, 0x8f, 0x30, 0x0, 0x0, 0xe, 0xc0,
    0x0, 0x0, 0x5, 0xf6, 0x0, 0x0, 0x0, 0xbe,
    0x0, 0x0, 0x0, 0x2f, 0x90, 0x0, 0x0,

    /* U+0038 "8" */
    0x0, 0x7d, 0xfe, 0xa1, 0x0, 0x9, 0xfc, 0x89,
    0xfe, 0x10, 0x2f, 0xa0, 0x0, 0x3f, 0x80, 0x4f,
    0x40, 0x0, 0xd, 0xb0, 0x2f, 0x60, 0x0, 0x1f,
    0x90, 0x9, 0xf6, 0x24, 0xce, 0x10, 0x0, 0xaf,
    0xff, 0xe2, 0x0, 0xa, 0xf9, 0x57, 0xde, 0x20,
    0x6f, 0x40, 0x0, 0xc, 0xc0, 0xbd, 0x0, 0x0,
    0x6, 0xf2, 0xcd, 0x0, 0x0, 0x7, 0xf3, 0x8f,
    0x50, 0x0, 0x1d, 0xe0, 0x1d, 0xfb, 0x89, 0xef,
    0x50, 0x0, 0x8d, 0xfe, 0xb3, 0x0,

    /* U+0039 "9" */
    0x0, 0x7d, 0xfe, 0xa2, 0x0, 0xc, 0xfb, 0x89,
    0xff, 0x20, 0x6f, 0x70, 0x0, 0x2e, 0xc0, 0xbf,
    0x0, 0x0, 0x8, 0xf1, 0xbe, 0x0, 0x0, 0x7,
    0xf2, 0x9f, 0x30, 0x0, 0xc, 0xf1, 0x2f, 0xe6,
    0x24, 0xbf, 0xe0, 0x4, 0xef, 0xff, 0xef, 0x80,
    0x0, 0x3, 0x42, 0xdf, 0x10, 0x0, 0x0, 0x7,
    0xf8, 0x0, 0x0, 0x0, 0xe, 0xe0, 0x0, 0x0,
    0x0, 0x8f, 0x60, 0x0, 0x0, 0x1, 0xfd, 0x0,
    0x0, 0x0, 0x9, 0xf4, 0x0, 0x0,

    /* U+003A ":" */
    0x7f, 0x59, 0xf8, 0x4, 0x0, 0x0, 0x0, 0x0,
    0x0, 0x0, 0x0, 0x40, 0x9f, 0x87, 0xf5,

    /* U+003B ";" */
    0x6f, 0x69, 0xf8, 0x4, 0x0, 0x0, 0x0, 0x0,
    0x0, 0x0, 0x0, 0x0, 0x8f, 0x3a, 0xe0, 0xca,
    0xe, 0x50,

    /* U+003C "<" */
    0x0, 0x0, 0x0, 0x0, 0x0, 0x0, 0x0, 0x1,
    0x98, 0x0, 0x0, 0x8, 0xff, 0x50, 0x0, 0x6e,
    0xf9, 0x10, 0x5, 0xdf, 0xa1, 0x0, 0x7, 0xfb,
    0x20, 0x0, 0x0, 0x6f, 0xd4, 0x0, 0x0, 0x0,
    0x3b, 0xfc, 0x30, 0x0, 0x0, 0x4, 0xdf, 0xb2,
    0x0, 0x0, 0x0, 0x6e, 0xf6, 0x0, 0x0, 0x0,
    0x7, 0x80, 0x0, 0x0, 0x0, 0x0,

    /* U+003D "=" */
    0x9f, 0xff, 0xff, 0xff, 0x93, 0x66, 0x66, 0x66,
    0x63, 0x0, 0x0, 0x0, 0x0, 0x0, 0x11, 0x11,
    0x11, 0x11, 0x9f, 0xff, 0xff, 0xff, 0x92, 0x44,
    0x44, 0x44, 0x42,

    /* U+003E ">" */
    0x0, 0x0, 0x0, 0x0, 0x8, 0x91, 0x0, 0x0,
    0x0, 0x5f, 0xf8, 0x0, 0x0, 0x0, 0x18, 0xfe,
    0x60, 0x0, 0x0, 0x1, 0x9f, 0xd5, 0x0, 0x0,
    0x0, 0x2a, 0xf8, 0x0, 0x0, 0x4, 0xdf, 0x70,
    0x0, 0x3c, 0xfc, 0x30, 0x2, 0xaf, 0xd4, 0x0,
    0x6, 0xfe, 0x60, 0x0, 0x0, 0x77, 0x0, 0x0,
    0x0, 0x0, 0x0, 0x0, 0x0, 0x0,

    /* U+003F "?" */
    0x0, 0x8d, 0xfd, 0x60, 0x0, 0xbf, 0xa8, 0xcf,
    0x70, 0x4f, 0x60, 0x0, 0xce, 0x0, 0x20, 0x0,
    0x9, 0xf0, 0x0, 0x0, 0x0, 0xdb, 0x0, 0x0,
    0x0, 0xbf, 0x30, 0x0, 0x0, 0x9f, 0x40, 0x0,
    0x0, 0x3f, 0x60, 0x0, 0x0, 0x5, 0xf0, 0x0,
    0x0, 0x0, 0x4d, 0x0, 0x0, 0x0, 0x0, 0x0,
    0x0, 0x0, 0x0, 0x0, 0x0, 0x0, 0x0, 0x8,
    0xe3, 0x0, 0x0, 0x0, 0x9f, 0x40, 0x0,

    /* U+0040 "@" */
    0x0, 0x0, 0x3a, 0xdf, 0xec, 0x60, 0x0, 0x0,
    0x0, 0xaf, 0xa6, 0x45, 0x8e, 0xd2, 0x0, 0x0,
    0xae, 0x30, 0x0, 0x0, 0x1b, 0xd0, 0x0, 0x5f,
    0x20, 0x6e, 0xfa, 0x10, 0x1e, 0x80, 0xc, 0x80,
    0x4f, 0x84, 0x9e, 0xd0, 0x6e, 0x1, 0xf3, 0xb,
    0xb0, 0x0, 0xcd, 0x2, 0xf1, 0x3f, 0x0, 0xe7,
    0x0, 0x8, 0xd0, 0xf, 0x34, 0xf0, 0xc, 0x90,
    0x0, 0xad, 0x1, 0xf2, 0x2f, 0x20, 0x6f, 0x40,
    0x5e, 0xf2, 0x8d, 0x0, 0xe7, 0x0, 0x9f, 0xfe,
    0x3a, 0xff, 0x40, 0x7, 0xe1, 0x0, 0x12, 0x0,
    0x2, 0x0, 0x0, 0xc, 0xc2, 0x0, 0x0, 0x0,
    0x0, 0x0, 0x0, 0x1b, 0xf9, 0x54, 0x58, 0xe5,
    0x0, 0x0, 0x0, 0x4, 0xad, 0xfe, 0xb5, 0x0,
    0x0,

    /* U+0041 "A" */
    0x0, 0x0, 0xf, 0xf0, 0x0, 0x0, 0x0, 0x0,
    0x5f, 0xf5, 0x0, 0x0, 0x0, 0x0, 0xbf, 0xfa,
    0x0, 0x0, 0x0, 0x1, 0xf9, 0xaf, 0x10, 0x0,
    0x0, 0x6, 0xf4, 0x4f, 0x60, 0x0, 0x0, 0xc,
    0xe0, 0xe, 0xb0, 0x0, 0x0, 0x1f, 0x90, 0x9,
    0xf1, 0x0, 0x0, 0x7f, 0x30, 0x3, 0xf7, 0x0,
    0x0, 0xdf, 0xff, 0xff, 0xfc, 0x0, 0x2, 0xfb,
    0x88, 0x88, 0xbf, 0x20, 0x8, 0xf2, 0x0, 0x0,
    0x3f, 0x80, 0xe, 0xc0, 0x0, 0x0, 0xd, 0xd0,
    0x3f, 0x70, 0x0, 0x0, 0x7, 0xf3, 0x9f, 0x10,
    0x0, 0x0, 0x1, 0xf9,

    /* U+0042 "B" */
    0x9f, 0xff, 0xfe, 0xc6, 0x0, 0x9f, 0x88, 0x8a,
    0xef, 0x90, 0x9f, 0x0, 0x0, 0xc, 0xf2, 0x9f,
    0x0, 0x0, 0x6, 0xf4, 0x9f, 0x0, 0x0, 0x8,
    0xf2, 0x9f, 0x0, 0x2, 0x7f, 0xa0, 0x9f, 0xff,
    0xff, 0xf8, 0x0, 0x9f, 0x88, 0x89, 0xcf, 0xa0,
    0x9f, 0x0, 0x0, 0x4, 0xf9, 0x9f, 0x0, 0x0,
    0x0, 0xbe, 0x9f, 0x0, 0x0, 0x0, 0xbf, 0x9f,
    0x0, 0x0, 0x5, 0xfb, 0x9f, 0x88, 0x89, 0xdf,
    0xe2, 0x9f, 0xff, 0xff, 0xc8, 0x10,

    /* U+0043 "C" */
    0x0, 0x5, 0xce, 0xfd, 0x70, 0x0, 0x1b, 0xfd,
    0x98, 0xcf, 0xd2, 0xa, 0xf7, 0x0, 0x0, 0x4e,
    0x74, 0xf9, 0x0, 0x0, 0x0, 0x10, 0x9f, 0x10,
    0x0, 0x0, 0x0, 0xd, 0xc0, 0x0, 0x0, 0x0,
    0x0, 0xea, 0x0, 0x0, 0x0, 0x0, 0xe, 0xb0,
    0x0, 0x0, 0x0, 0x0, 0xdc, 0x0, 0x0, 0x0,
    0x0, 0x9, 0xf1, 0x0, 0x0, 0x0, 0x0, 0x3f,
    0x90, 0x0, 0x0, 0x1, 0x0, 0xaf, 0x70, 0x0,
    0x4, 0xf7, 0x0, 0xbf, 0xd9, 0x8c, 0xfe, 0x20,
    0x0, 0x5c, 0xef, 0xd8, 0x0,

    /* U+0044 "D" */
    0x9f, 0xff, 0xfe, 0xc7, 0x10, 0x0, 0x9f, 0x88,
    0x89, 0xcf, 0xe3, 0x0, 0x9f, 0x0, 0x0, 0x3,
    0xef, 0x20, 0x9f, 0x0, 0x0, 0x0, 0x3f, 0xa0,
    0x9f, 0x0, 0x0, 0x0, 0xa, 0xf0, 0x9f, 0x0,
    0x0, 0x0, 0x6, 0xf3, 0x9f, 0x0, 0x0, 0x0,
    0x4, 0xf5, 0x9f, 0x0, 0x0, 0x0, 0x4, 0xf5,
    0x9f, 0x0, 0x0, 0x0, 0x6, 0xf3, 0x9f, 0x0,
    0x0, 0x0, 0xa, 0xf0, 0x9f, 0x0, 0x0, 0x0,
    0x3f, 0xa0, 0x9f, 0x0, 0x0, 0x4, 0xee, 0x10,
    0x9f, 0x88, 0x89, 0xcf, 0xd3, 0x0, 0x9f, 0xff,
    0xfe, 0xc6, 0x0, 0x0,

    /* U+0045 "E" */
    0x9f, 0xff, 0xff, 0xff, 0xa9, 0xf8, 0x88, 0x88,
    0x85, 0x9f, 0x0, 0x0, 0x0, 0x9, 0xf0, 0x0,
    0x0, 0x0, 0x9f, 0x0, 0x0, 0x0, 0x9, 0xf0,
    0x0, 0x0, 0x0, 0x9f, 0xff, 0xff, 0xff, 0x49,
    0xf8, 0x88, 0x88, 0x82, 0x9f, 0x0, 0x0, 0x0,
    0x9, 0xf0, 0x0, 0x0, 0x0, 0x9f, 0x0, 0x0,
    0x0, 0x9, 0xf0, 0x0, 0x0, 0x0, 0x9f, 0x88,
    0x88, 0x88, 0x79, 0xff, 0xff, 0xff, 0xfe,

    /* U+0046 "F" */
    0x9f, 0xff, 0xff, 0xff, 0x89, 0xf8, 0x88, 0x88,
    0x84, 0x9f, 0x0, 0x0, 0x0, 0x9, 0xf0, 0x0,
    0x0, 0x0, 0x9f, 0x0, 0x0, 0x0, 0x9, 0xf0,
    0x0, 0x0, 0x0, 0x9f, 0xff, 0xff, 0xff, 0x9,
    0xf8, 0x88, 0x88, 0x80, 0x9f, 0x0, 0x0, 0x0,
    0x9, 0xf0, 0x0, 0x0, 0x0, 0x9f, 0x0, 0x0,
    0x0, 0x9, 0xf0, 0x0, 0x0, 0x0, 0x9f, 0x0,
    0x0, 0x0, 0x9, 0xf0, 0x0, 0x0, 0x0,

    /* U+0047 "G" */
    0x0, 0x6, 0xce, 0xfd, 0x70, 0x0, 0x1, 0xcf,
    0xd9, 0x8c, 0xfd, 0x10, 0xb, 0xf7, 0x0, 0x0,
    0x4f, 0x70, 0x4f, 0x90, 0x0, 0x0, 0x1, 0x0,
    0x9f, 0x10, 0x0, 0x0, 0x0, 0x0, 0xdc, 0x0,
    0x0, 0x0, 0x0, 0x0, 0xea, 0x0, 0x0, 0x68,
    0x88, 0x80, 0xea, 0x0, 0x0, 0xcf, 0xff, 0xf0,
    0xdc, 0x0, 0x0, 0x0, 0x8, 0xf0, 0xaf, 0x10,
    0x0, 0x0, 0x8, 0xf0, 0x4f, 0x80, 0x0, 0x0,
    0x8, 0xf0, 0xb, 0xf6, 0x0, 0x0, 0x4f, 0xd0,
    0x1, 0xcf, 0xc9, 0x8c, 0xfd, 0x20, 0x0, 0x6,
    0xce, 0xfc, 0x70, 0x0,

    /* U+0048 "H" */
    0x9f, 0x0, 0x0, 0x0, 0xf, 0x89, 0xf0, 0x0,
    0x0, 0x0, 0xf8, 0x9f, 0x0, 0x0, 0x0, 0xf,
    0x89, 0xf0, 0x0, 0x0, 0x0, 0xf8, 0x9f, 0x0,
    0x0, 0x0, 0xf, 0x89, 0xf2, 0x22, 0x22, 0x22,
    0xf8, 0x9f, 0xff, 0xff, 0xff, 0xff, 0x89, 0xf5,
    0x55, 0x55, 0x55, 0xf8, 0x9f, 0x0, 0x0, 0x0,
    0xf, 0x89, 0xf0, 0x0, 0x0, 0x0, 0xf8, 0x9f,
    0x0, 0x0, 0x0, 0xf, 0x89, 0xf0, 0x0, 0x0,
    0x0, 0xf8, 0x9f, 0x0, 0x0, 0x0, 0xf, 0x89,
    0xf0, 0x0, 0x0, 0x0, 0xf8,

    /* U+0049 "I" */
    0x9f, 0x9f, 0x9f, 0x9f, 0x9f, 0x9f, 0x9f, 0x9f,
    0x9f, 0x9f, 0x9f, 0x9f, 0x9f, 0x9f,

    /* U+004A "J" */
    0x0, 0x0, 0x5, 0xf4, 0x0, 0x0, 0x5, 0xf4,
    0x0, 0x0, 0x5, 0xf4, 0x0, 0x0, 0x5, 0xf4,
    0x0, 0x0, 0x5, 0xf4, 0x0, 0x0, 0x5, 0xf4,
    0x0, 0x0, 0x5, 0xf4, 0x0, 0x0, 0x5, 0xf4,
    0x0, 0x0, 0x5, 0xf4, 0x0, 0x0, 0x5, 0xf3,
    0x1, 0x0, 0x6, 0xf2, 0x6f, 0x40, 0xb, 0xf0,
    0x1e, 0xf9, 0xbf, 0x90, 0x2, 0xbf, 0xe9, 0x0,

    /* U+004B "K" */
    0x9f, 0x0, 0x0, 0x9, 0xf7, 0x9, 0xf0, 0x0,
    0x9, 0xf7, 0x0, 0x9f, 0x0, 0x9, 0xf7, 0x0,
    0x9, 0xf0, 0x9, 0xf7, 0x0, 0x0, 0x9f, 0x9,
    0xf7, 0x0, 0x0, 0x9, 0xf8, 0xf7, 0x0, 0x0,
    0x0, 0x9f, 0xff, 0x20, 0x0, 0x0, 0x9, 0xf9,
    0xfd, 0x10, 0x0, 0x0, 0x9f, 0x4, 0xfc, 0x0,
    0x0, 0x9, 0xf0, 0x6, 0xfa, 0x0, 0x0, 0x9f,
    0x0, 0x8, 0xf7, 0x0, 0x9, 0xf0, 0x0, 0xa,
    0xf5, 0x0, 0x9f, 0x0, 0x0, 0xc, 0xf3, 0x9,
    0xf0, 0x0, 0x0, 0x1d, 0xe2,

    /* U+004C "L" */
    0x9f, 0x0, 0x0, 0x0, 0x9, 0xf0, 0x0, 0x0,
    0x0, 0x9f, 0x0, 0x0, 0x0, 0x9, 0xf0, 0x0,
    0x0, 0x0, 0x9f, 0x0, 0x0, 0x0, 0x9, 0xf0,
    0x0, 0x0, 0x0, 0x9f, 0x0, 0x0, 0x0, 0x9,
    0xf0, 0x0, 0x0, 0x0, 0x9f, 0x0, 0x0, 0x0,
    0x9, 0xf0, 0x0, 0x0, 0x0, 0x9f, 0x0, 0x0,
    0x0, 0x9, 0xf0, 0x0, 0x0, 0x0, 0x9f, 0x88,
    0x88, 0x88, 0x69, 0xff, 0xff, 0xff, 0xfc,

    /* U+004D "M" */
    0x9f, 0x40, 0x0, 0x0, 0x0, 0x7, 0xf6, 0x9f,
    0xd0, 0x0, 0x0, 0x0, 0x1f, 0xf6, 0x9f, 0xf6,
    0x0, 0x0, 0x0, 0xaf, 0xf6, 0x9f, 0xbe, 0x10,
    0x0, 0x3, 0xfb, 0xf6, 0x9f, 0x2f, 0x90, 0x0,
    0xc, 0xe3, 0xf6, 0x9f, 0x9, 0xf2, 0x0, 0x5f,
    0x62, 0xf6, 0x9f, 0x1, 0xeb, 0x0, 0xec, 0x2,
    0xf6, 0x9f, 0x0, 0x7f, 0x47, 0xf3, 0x2, 0xf6,
    0x9f, 0x0, 0xd, 0xdf, 0xa0, 0x2, 0xf6, 0x9f,
    0x0, 0x4, 0xff, 0x20, 0x2, 0xf6, 0x9f, 0x0,
    0x0, 0xa7, 0x0, 0x2, 0xf6, 0x9f, 0x0, 0x0,
    0x0, 0x0, 0x2, 0xf6, 0x9f, 0x0, 0x0, 0x0,
    0x0, 0x2, 0xf6, 0x9f, 0x0, 0x0, 0x0, 0x0,
    0x2, 0xf6,

    /* U+004E "N" */
    0x9f, 0x50, 0x0, 0x0, 0xc, 0xc9, 0xfe, 0x10,
    0x0, 0x0, 0xcc, 0x9f, 0xf9, 0x0, 0x0, 0xc,
    0xc9, 0xf8, 0xf4, 0x0, 0x0, 0xcc, 0x9f, 0xd,
    0xd0, 0x0, 0xc, 0xc9, 0xf0, 0x3f, 0x80, 0x0,
    0xcc, 0x9f, 0x0, 0x9f, 0x30, 0xc, 0xc9, 0xf0,
    0x0, 0xec, 0x0, 0xcc, 0x9f, 0x0, 0x5, 0xf7,
    0xc, 0xc9, 0xf0, 0x0, 0xa, 0xf2, 0xcc, 0x9f,
    0x0, 0x0, 0x1f, 0xbc, 0xc9, 0xf0, 0x0, 0x0,
    0x6f, 0xfc, 0x9f, 0x0, 0x0, 0x0, 0xcf, 0xc9,
    0xf0, 0x0, 0x0, 0x2, 0xfc,

    /* U+004F "O" */
    0x0, 0x6, 0xce, 0xfd, 0x71, 0x0, 0x0, 0x1c,
    0xfc, 0x98, 0xcf, 0xd2, 0x0, 0xb, 0xf6, 0x0,
    0x0, 0x4f, 0xd0, 0x4, 0xf8, 0x0, 0x0, 0x0,
    0x6f, 0x60, 0x9f, 0x0, 0x0, 0x0, 0x0, 0xec,
    0xd, 0xc0, 0x0, 0x0, 0x0, 0xa, 0xf0, 0xea,
    0x0, 0x0, 0x0, 0x0, 0x8f, 0x1e, 0xa0, 0x0,
    0x0, 0x0, 0x8, 0xf1, 0xdc, 0x0, 0x0, 0x0,
    0x0, 0xaf, 0x9, 0xf0, 0x0, 0x0, 0x0, 0xe,
    0xc0, 0x4f, 0x70, 0x0, 0x0, 0x6, 0xf6, 0x0,
    0xbf, 0x50, 0x0, 0x4, 0xfd, 0x0, 0x1, 0xcf,
    0xc9, 0x8c, 0xfd, 0x20, 0x0, 0x0, 0x6c, 0xef,
    0xd7, 0x10, 0x0,

    /* U+0050 "P" */
    0x9f, 0xff, 0xfe, 0xc6, 0x0, 0x9f, 0x88, 0x8a,
    0xef, 0xa0, 0x9f, 0x0, 0x0, 0xa, 0xf4, 0x9f,
    0x0, 0x0, 0x1, 0xf9, 0x9f, 0x0, 0x0, 0x0,
    0xf9, 0x9f, 0x0, 0x0, 0x6, 0xf7, 0x9f, 0x22,
    0x24, 0x9f, 0xe1, 0x9f, 0xff, 0xff, 0xfc, 0x20,
    0x9f, 0x55, 0x54, 0x10, 0x0, 0x9f, 0x0, 0x0,
    0x0, 0x0, 0x9f, 0x0, 0x0, 0x0, 0x0, 0x9f,
    0x0, 0x0, 0x0, 0x0, 0x9f, 0x0, 0x0, 0x0,
    0x0, 0x9f, 0x0, 0x0, 0x0, 0x0,

    /* U+0051 "Q" */
    0x0, 0x6, 0xce, 0xfd, 0x71, 0x0, 0x0, 0x1c,
    0xfc, 0x98, 0xcf, 0xd2, 0x0, 0xb, 0xf5, 0x0,
    0x0, 0x4f, 0xd0, 0x4, 0xf7, 0x0, 0x0, 0x0,
    0x6f, 0x60, 0x9f, 0x0, 0x0, 0x0, 0x0, 0xec,
    0xd, 0xc0, 0x0, 0x0, 0x0, 0xa, 0xf0, 0xea,
    0x0, 0x0, 0x0, 0x0, 0x8f, 0x1e, 0xa0, 0x0,
    0x0, 0x0, 0x8, 0xf1, 0xdc, 0x0, 0x0, 0x0,
    0x0, 0xaf, 0xa, 0xf0, 0x0, 0x0, 0x21, 0xe,
    0xc0, 0x4f, 0x70, 0x0, 0xe, 0xc6, 0xf7, 0x0,
    0xbf, 0x50, 0x0, 0x5f, 0xfd, 0x0, 0x1, 0xcf,
    0xc9, 0x8c, 0xff, 0xa0, 0x0, 0x0, 0x6c, 0xef,
    0xd7, 0xaf, 0x70, 0x0, 0x0, 0x0, 0x0, 0x0,
    0xbc, 0x0, 0x0, 0x0, 0x0, 0x0, 0x1, 0x0,

    /* U+0052 "R" */
    0x9f, 0xff, 0xfe, 0xb4, 0x0, 0x9, 0xf8, 0x88,
    0xaf, 0xf8, 0x0, 0x9f, 0x0, 0x0, 0x1c, 0xf2,
    0x9, 0xf0, 0x0, 0x0, 0x4f, 0x60, 0x9f, 0x0,
    0x0, 0x3, 0xf6, 0x9, 0xf0, 0x0, 0x0, 0xbf,
    0x20, 0x9f, 0x88, 0x8a, 0xef, 0x80, 0x9, 0xff,
    0xff, 0xfd, 0x50, 0x0, 0x9f, 0x0, 0xd, 0xd0,
    0x0, 0x9, 0xf0, 0x0, 0x5f, 0x60, 0x0, 0x9f,
    0x0, 0x0, 0xce, 0x10, 0x9, 0xf0, 0x0, 0x3,
    0xf9, 0x0, 0x9f, 0x0, 0x0, 0xa, 0xf2, 0x9,
    0xf0, 0x0, 0x0, 0x1f, 0xc0,

    /* U+0053 "S" */
    0x0, 0x3a, 0xef, 0xe9, 0x20, 0x0, 0x4f, 0xfa,
    0x8a, 0xff, 0x30, 0xe, 0xd1, 0x0, 0x2, 0xda,
    0x1, 0xf7, 0x0, 0x0, 0x1, 0x0, 0xf, 0xa0,
    0x0, 0x0, 0x0, 0x0, 0xaf, 0x91, 0x0, 0x0,
    0x0, 0x0, 0x9f, 0xfc, 0x71, 0x0, 0x0, 0x0,
    0x16, 0xbf, 0xf9, 0x0, 0x0, 0x0, 0x0, 0x19,
    0xf9, 0x0, 0x0, 0x0, 0x0, 0xa, 0xf0, 0x4,
    0x0, 0x0, 0x0, 0x8f, 0x3, 0xfa, 0x0, 0x0,
    0x2e, 0xd0, 0x7, 0xfe, 0x98, 0xaf, 0xf4, 0x0,
    0x3, 0xae, 0xfe, 0xa3, 0x0,

    /* U+0054 "T" */
    0x9f, 0xff, 0xff, 0xff, 0xff, 0x74, 0x88, 0x8a,
    0xfa, 0x88, 0x83, 0x0, 0x0, 0x5f, 0x30, 0x0,
    0x0, 0x0, 0x5, 0xf3, 0x0, 0x0, 0x0, 0x0,
    0x5f, 0x30, 0x0, 0x0, 0x0, 0x5, 0xf3, 0x0,
    0x0, 0x0, 0x0, 0x5f, 0x30, 0x0, 0x0, 0x0,
    0x5, 0xf3, 0x0, 0x0, 0x0, 0x0, 0x5f, 0x30,
    0x0, 0x0, 0x0, 0x5, 0xf3, 0x0, 0x0, 0x0,
    0x0, 0x5f, 0x30, 0x0, 0x0, 0x0, 0x5, 0xf3,
    0x0, 0x0, 0x0, 0x0, 0x5f, 0x30, 0x0, 0x0,
    0x0, 0x5, 0xf3, 0x0, 0x0,

    /* U+0055 "U" */
    0x9f, 0x0, 0x0, 0x0, 0x5f, 0x39, 0xf0, 0x0,
    0x0, 0x5, 0xf3, 0x9f, 0x0, 0x0, 0x0, 0x5f,
    0x39, 0xf0, 0x0, 0x0, 0x5, 0xf3, 0x9f, 0x0,
    0x0, 0x0, 0x5f, 0x39, 0xf0, 0x0, 0x0, 0x5,
    0xf3, 0x9f, 0x0, 0x0, 0x0, 0x5f, 0x39, 0xf0,
    0x0, 0x0, 0x5, 0xf3, 0x9f, 0x0, 0x0, 0x0,
    0x5f, 0x38, 0xf1, 0x0, 0x0, 0x7, 0xf2, 0x5f,
    0x50, 0x0, 0x0, 0xbf, 0x0, 0xed, 0x10, 0x0,
    0x5f, 0xa0, 0x5, 0xfe, 0x98, 0xbf, 0xd1, 0x0,
    0x3, 0xae, 0xfd, 0x81, 0x0,

    /* U+0056 "V" */
    0x9f, 0x10, 0x0, 0x0, 0x1, 0xf9, 0x3f, 0x60,
    0x0, 0x0, 0x7, 0xf3, 0xe, 0xc0, 0x0, 0x0,
    0xc, 0xd0, 0x8, 0xf1, 0x0, 0x0, 0x2f, 0x80,
    0x2, 0xf7, 0x0, 0x0, 0x7f, 0x20, 0x0, 0xdc,
    0x0, 0x0, 0xdc, 0x0, 0x0, 0x7f, 0x20, 0x2,
    0xf7, 0x0, 0x0, 0x1f, 0x70, 0x8, 0xf1, 0x0,
    0x0, 0xc, 0xd0, 0xd, 0xb0, 0x0, 0x0, 0x6,
    0xf2, 0x3f, 0x60, 0x0, 0x0, 0x1, 0xf8, 0x8f,
    0x10, 0x0, 0x0, 0x0, 0xbe, 0xea, 0x0, 0x0,
    0x0, 0x0, 0x5f, 0xf5, 0x0, 0x0, 0x0, 0x0,
    0xf, 0xf0, 0x0, 0x0,

    /* U+0057 "W" */
    0xaf, 0x0, 0x0, 0x3, 0xfa, 0x0, 0x0, 0xa,
    0xf0, 0x5f, 0x40, 0x0, 0x8, 0xfe, 0x0, 0x0,
    0xe, 0xc0, 0x1f, 0x80, 0x0, 0xc, 0xff, 0x20,
    0x0, 0x2f, 0x70, 0xd, 0xc0, 0x0, 0x1f, 0x8f,
    0x70, 0x0, 0x6f, 0x30, 0x9, 0xf1, 0x0, 0x5f,
    0x2c, 0xb0, 0x0, 0xaf, 0x0, 0x5, 0xf5, 0x0,
    0x9e, 0x8, 0xf0, 0x0, 0xeb, 0x0, 0x0, 0xf9,
    0x0, 0xd9, 0x3, 0xf4, 0x3, 0xf6, 0x0, 0x0,
    0xcd, 0x2, 0xf5, 0x0, 0xf8, 0x7, 0xf2, 0x0,
    0x0, 0x8f, 0x16, 0xf1, 0x0, 0xac, 0xb, 0xe0,
    0x0, 0x0, 0x4f, 0x5a, 0xc0, 0x0, 0x6f, 0x1f,
    0xa0, 0x0, 0x0, 0xf, 0xae, 0x80, 0x0, 0x2f,
    0x9f, 0x60, 0x0, 0x0, 0xb, 0xff, 0x30, 0x0,
    0xd, 0xff, 0x10, 0x0, 0x0, 0x7, 0xff, 0x0,
    0x0, 0x9, 0xfd, 0x0, 0x0, 0x0, 0x3, 0xfb,
    0x0, 0x0, 0x4, 0xf9, 0x0, 0x0,

    /* U+0058 "X" */
    0x1f, 0xc0, 0x0, 0x0, 0x5f, 0x70, 0x6, 0xf6,
    0x0, 0x0, 0xed, 0x0, 0x0, 0xce, 0x10, 0x8,
    0xf3, 0x0, 0x0, 0x2f, 0xa0, 0x2f, 0x90, 0x0,
    0x0, 0x8, 0xf4, 0xbe, 0x0, 0x0, 0x0, 0x0,
    0xde, 0xf5, 0x0, 0x0, 0x0, 0x0, 0x5f, 0xc0,
    0x0, 0x0, 0x0, 0x0, 0xcf, 0xf2, 0x0, 0x0,
    0x0, 0x5, 0xf6, 0xeb, 0x0, 0x0, 0x0, 0xe,
    0xc0, 0x6f, 0x50, 0x0, 0x0, 0x9f, 0x30, 0xd,
    0xe0, 0x0, 0x3, 0xfa, 0x0, 0x3, 0xf9, 0x0,
    0xc, 0xf1, 0x0, 0x0, 0xaf, 0x30, 0x6f, 0x70,
    0x0, 0x0, 0x1f, 0xc0,

    /* U+0059 "Y" */
    0x7f, 0x40, 0x0, 0x0, 0x1f, 0xb0, 0xe, 0xd0,
    0x0, 0x0, 0x9f, 0x30, 0x6, 0xf5, 0x0, 0x2,
    0xfa, 0x0, 0x0, 0xdd, 0x0, 0xa, 0xf1, 0x0,
    0x0, 0x4f, 0x60, 0x2f, 0x80, 0x0, 0x0, 0xb,
    0xe0, 0xae, 0x0, 0x0, 0x0, 0x2, 0xfa, 0xf6,
    0x0, 0x0, 0x0, 0x0, 0xaf, 0xd0, 0x0, 0x0,
    0x0, 0x0, 0x3f, 0x70, 0x0, 0x0, 0x0, 0x0,
    0x2f, 0x60, 0x0, 0x0, 0x0, 0x0, 0x2f, 0x60,
    0x0, 0x0, 0x0, 0x0, 0x2f, 0x60, 0x0, 0x0,
    0x0, 0x0, 0x2f, 0x60, 0x0, 0x0, 0x0, 0x0,
    0x2f, 0x60, 0x0, 0x0,

    /* U+005A "Z" */
    0x3f, 0xff, 0xff, 0xff, 0xfd, 0x1, 0x88, 0x88,
    0x88, 0xbf, 0xa0, 0x0, 0x0, 0x0, 0xd, 0xe1,
    0x0, 0x0, 0x0, 0x7, 0xf5, 0x0, 0x0, 0x0,
    0x2, 0xfb, 0x0, 0x0, 0x0, 0x0, 0xbf, 0x20,
    0x0, 0x0, 0x0, 0x6f, 0x70, 0x0, 0x0, 0x0,
    0x1e, 0xc0, 0x0, 0x0, 0x0, 0xa, 0xf2, 0x0,
    0x0, 0x0, 0x4, 0xf8, 0x0, 0x0, 0x0, 0x0,
    0xed, 0x0, 0x0, 0x0, 0x0, 0x9f, 0x40, 0x0,
    0x0, 0x0, 0x3f, 0xe8, 0x88, 0x88, 0x88, 0x6,
    0xff, 0xff, 0xff, 0xff, 0xf1,

    /* U+005B "[" */
    0x1, 0x11, 0x10, 0xf, 0xff, 0xf0, 0xf, 0x94,
    0x40, 0xf, 0x70, 0x0, 0xf, 0x70, 0x0, 0xf,
    0x70, 0x0, 0xf, 0x70, 0x0, 0xf, 0x70, 0x0,
    0xf, 0x70, 0x0, 0xf, 0x70, 0x0, 0xf, 0x70,
    0x0, 0xf, 0x70, 0x0, 0xf, 0x70, 0x0, 0xf,
    0x70, 0x0, 0xf, 0x70, 0x0, 0xf, 0x81, 0x10,
    0xf, 0xff, 0xf0, 0x4, 0x44, 0x40,

    /* U+005C "\\" */
    0xbd, 0x0, 0x0, 0x6f, 0x20, 0x0, 0x1f, 0x70,
    0x0, 0xc, 0xc0, 0x0, 0x7, 0xf1, 0x0, 0x3,
    0xf5, 0x0, 0x0, 0xea, 0x0, 0x0, 0x9f, 0x0,
    0x0, 0x4f, 0x40, 0x0, 0xf, 0x90, 0x0, 0xa,
    0xe0, 0x0, 0x5, 0xf3, 0x0, 0x1, 0xf7, 0x0,
    0x0, 0xcc,

    /* U+005D "]" */
    0x1, 0x11, 0xc, 0xff, 0xf5, 0x34, 0x6f, 0x50,
    0x2, 0xf5, 0x0, 0x2f, 0x50, 0x2, 0xf5, 0x0,
    0x2f, 0x50, 0x2, 0xf5, 0x0, 0x2f, 0x50, 0x2,
    0xf5, 0x0, 0x2f, 0x50, 0x2, 0xf5, 0x0, 0x2f,
    0x50, 0x2, 0xf5, 0x0, 0x2f, 0x51, 0x13, 0xf5,
    0xcf, 0xff, 0x53, 0x44, 0x41,

    /* U+005E "^" */
    0x0, 0x1e, 0xe1, 0x0, 0x0, 0x8e, 0xe9, 0x0,
    0x2, 0xf6, 0x6f, 0x20, 0xb, 0xc0, 0xc, 0xb0,
    0x4f, 0x30, 0x3, 0xf4,

    /* U+005F "_" */
    0x22, 0x22, 0x22, 0x22, 0xf, 0xff, 0xff, 0xff,
    0xf4, 0x55, 0x55, 0x55, 0x55, 0x10,

    /* U+0060 "`" */
    0x0, 0x0, 0xb, 0x60, 0xa, 0xf2, 0x0, 0xaa,
    0x0, 0x1,

    /* U+0061 "a" */
    0x0, 0x5c, 0xfe, 0xa1, 0x0, 0x4f, 0xb7, 0x8f,
    0xc0, 0x0, 0x10, 0x0, 0x4f, 0x30, 0x0, 0x0,
    0x13, 0xf6, 0x0, 0x8e, 0xff, 0xff, 0x60, 0xbf,
    0xa6, 0x55, 0xf6, 0x1f, 0x80, 0x0, 0x3f, 0x61,
    0xf7, 0x0, 0xa, 0xf6, 0xd, 0xf8, 0x7c, 0xcf,
    0x60, 0x2b, 0xfe, 0x82, 0xf6,

    /* U+0062 "b" */
    0xbc, 0x0, 0x0, 0x0, 0xb, 0xc0, 0x0, 0x0,
    0x0, 0xbc, 0x0, 0x0, 0x0, 0xb, 0xc0, 0x0,
    0x0, 0x0, 0xbc, 0x2a, 0xfe, 0x90, 0xb, 0xee,
    0xb8, 0xbf, 0xc0, 0xbf, 0x80, 0x0, 0x6f, 0x7b,
    0xf0, 0x0, 0x0, 0xdc, 0xbc, 0x0, 0x0, 0xa,
    0xeb, 0xc0, 0x0, 0x0, 0xad, 0xbf, 0x0, 0x0,
    0xd, 0xbb, 0xf8, 0x0, 0x7, 0xf5, 0xbe, 0xeb,
    0x8b, 0xfc, 0xb, 0xc2, 0xbf, 0xe9, 0x0,

    /* U+0063 "c" */
    0x0, 0x19, 0xef, 0xc4, 0x0, 0x1e, 0xf9, 0x7c,
    0xf6, 0xa, 0xf2, 0x0, 0x8, 0x30, 0xf9, 0x0,
    0x0, 0x0, 0x2f, 0x60, 0x0, 0x0, 0x1, 0xf6,
    0x0, 0x0, 0x0, 0xf, 0x90, 0x0, 0x0, 0x0,
    0xaf, 0x20, 0x0, 0x83, 0x1, 0xef, 0x97, 0xcf,
    0x60, 0x1, 0xae, 0xfc, 0x40,

    /* U+0064 "d" */
    0x0, 0x0, 0x0, 0x0, 0xf7, 0x0, 0x0, 0x0,
    0x0, 0xf7, 0x0, 0x0, 0x0, 0x0, 0xf7, 0x0,
    0x0, 0x0, 0x0, 0xf7, 0x0, 0x2a, 0xfe, 0x80,
    0xf7, 0x2, 0xef, 0xa9, 0xdb, 0xf7, 0xa, 0xf3,
    0x0, 0xc, 0xf7, 0xf, 0xa0, 0x0, 0x3, 0xf7,
    0x2f, 0x60, 0x0, 0x0, 0xf7, 0x1f, 0x60, 0x0,
    0x0, 0xf7, 0xf, 0xa0, 0x0, 0x3, 0xf7, 0x9,
    0xf3, 0x0, 0xb, 0xf7, 0x1, 0xef, 0xa8, 0xdc,
    0xf7, 0x0, 0x2a, 0xee, 0x91, 0xf7,

    /* U+0065 "e" */
    0x0, 0x2b, 0xef, 0xc5, 0x0, 0x2, 0xfe, 0x87,
    0xcf, 0x60, 0xb, 0xe1, 0x0, 0xb, 0xe0, 0xf,
    0x91, 0x11, 0x17, 0xf2, 0x2f, 0xff, 0xff, 0xff,
    0xf2, 0x2f, 0x94, 0x44, 0x44, 0x40, 0xf, 0xa0,
    0x0, 0x0, 0x0, 0xa, 0xf2, 0x0, 0x6, 0x60,
    0x2, 0xef, 0x86, 0xaf, 0x90, 0x0, 0x2a, 0xef,
    0xd7, 0x0,

    /* U+0066 "f" */
    0x0, 0x3c, 0xfd, 0x0, 0xee, 0x77, 0x2, 0xf6,
    0x0, 0x3, 0xf4, 0x0, 0xaf, 0xff, 0xfe, 0x48,
    0xf9, 0x76, 0x3, 0xf4, 0x0, 0x3, 0xf4, 0x0,
    0x3, 0xf4, 0x0, 0x3, 0xf4, 0x0, 0x3, 0xf4,
    0x0, 0x3, 0xf4, 0x0, 0x3, 0xf4, 0x0, 0x3,
    0xf4, 0x0,

    /* U+0067 "g" */
    0x0, 0x2a, 0xfe, 0x80, 0xf7, 0x2, 0xef, 0xa9,
    0xdb, 0xf7, 0xa, 0xf3, 0x0, 0xc, 0xf7, 0xf,
    0xa0, 0x0, 0x3, 0xf7, 0x2f, 0x60, 0x0, 0x0,
    0xf7, 0x1f, 0x60, 0x0, 0x0, 0xf7, 0xf, 0xa0,
    0x0, 0x3, 0xf7, 0x9, 0xf3, 0x0, 0xb, 0xf7,
    0x1, 0xef, 0xa8, 0xdc, 0xf7, 0x0, 0x1a, 0xee,
    0x91, 0xf7, 0x0, 0x0, 0x0, 0x2, 0xf5, 0x2,
    0x70, 0x0, 0x9, 0xf1, 0x6, 0xfd, 0x87, 0xbf,
    0x80, 0x0, 0x4b, 0xef, 0xd6, 0x0,

    /* U+0068 "h" */
    0xbc, 0x0, 0x0, 0x0, 0xb, 0xc0, 0x0, 0x0,
    0x0, 0xbc, 0x0, 0x0, 0x0, 0xb, 0xc0, 0x0,
    0x0, 0x0, 0xbc, 0x2b, 0xfe, 0x80, 0xb, 0xee,
    0x97, 0xbf, 0x90, 0xbf, 0x50, 0x0, 0xbf, 0xb,
    0xe0, 0x0, 0x5, 0xf2, 0xbc, 0x0, 0x0, 0x4f,
    0x3b, 0xc0, 0x0, 0x4, 0xf3, 0xbc, 0x0, 0x0,
    0x4f, 0x3b, 0xc0, 0x0, 0x4, 0xf3, 0xbc, 0x0,
    0x0, 0x4f, 0x3b, 0xc0, 0x0, 0x4, 0xf3,

    /* U+0069 "i" */
    0x9e, 0x1a, 0xf2, 0x0, 0x0, 0x0, 0x8f, 0x8,
    0xf0, 0x8f, 0x8, 0xf0, 0x8f, 0x8, 0xf0, 0x8f,
    0x8, 0xf0, 0x8f, 0x8, 0xf0,

    /* U+006A "j" */
    0x0, 0x8e, 0x10, 0x9, 0xf2, 0x0, 0x0, 0x0,
    0x0, 0x0, 0x0, 0x7f, 0x0, 0x7, 0xf0, 0x0,
    0x7f, 0x0, 0x7, 0xf0, 0x0, 0x7f, 0x0, 0x7,
    0xf0, 0x0, 0x7f, 0x0, 0x7, 0xf0, 0x0, 0x7f,
    0x0, 0x7, 0xf0, 0x0, 0x7f, 0x0, 0x9, 0xf0,
    0x78, 0xfb, 0xd, 0xfb, 0x20,

    /* U+006B "k" */
    0xbc, 0x0, 0x0, 0x0, 0xbc, 0x0, 0x0, 0x0,
    0xbc, 0x0, 0x0, 0x0, 0xbc, 0x0, 0x0, 0x0,
    0xbc, 0x0, 0xb, 0xf4, 0xbc, 0x0, 0xbf, 0x40,
    0xbc, 0xb, 0xf5, 0x0, 0xbc, 0xaf, 0x50, 0x0,
    0xbf, 0xfe, 0x0, 0x0, 0xbf, 0x8f, 0xa0, 0x0,
    0xbc, 0x7, 0xf6, 0x0, 0xbc, 0x0, 0xbf, 0x20,
    0xbc, 0x0, 0x1e, 0xd0, 0xbc, 0x0, 0x4, 0xfa,

    /* U+006C "l" */
    0xbc, 0xb, 0xc0, 0xbc, 0xb, 0xc0, 0xbc, 0xb,
    0xc0, 0xbc, 0xb, 0xc0, 0xbc, 0xb, 0xc0, 0xbc,
    0xb, 0xc0, 0xaf, 0x73, 0xef,

    /* U+006D "m" */
    0xbc, 0x2c, 0xfc, 0x20, 0x5d, 0xfd, 0x40, 0xbe,
    0xe8, 0x7e, 0xd6, 0xf8, 0x7e, 0xf1, 0xbf, 0x40,
    0x2, 0xff, 0x30, 0x3, 0xf7, 0xbe, 0x0, 0x0,
    0xdd, 0x0, 0x0, 0xe9, 0xbc, 0x0, 0x0, 0xcb,
    0x0, 0x0, 0xda, 0xbc, 0x0, 0x0, 0xcb, 0x0,
    0x0, 0xda, 0xbc, 0x0, 0x0, 0xcb, 0x0, 0x0,
    0xda, 0xbc, 0x0, 0x0, 0xcb, 0x0, 0x0, 0xda,
    0xbc, 0x0, 0x0, 0xcb, 0x0, 0x0, 0xda, 0xbc,
    0x0, 0x0, 0xcb, 0x0, 0x0, 0xda,

    /* U+006E "n" */
    0xbc, 0x2b, 0xfe, 0x80, 0xb, 0xee, 0x97, 0xbf,
    0x90, 0xbf, 0x50, 0x0, 0xbf, 0xb, 0xe0, 0x0,
    0x5, 0xf2, 0xbc, 0x0, 0x0, 0x4f, 0x3b, 0xc0,
    0x0, 0x4, 0xf3, 0xbc, 0x0, 0x0, 0x4f, 0x3b,
    0xc0, 0x0, 0x4, 0xf3, 0xbc, 0x0, 0x0, 0x4f,
    0x3b, 0xc0, 0x0, 0x4, 0xf3,

    /* U+006F "o" */
    0x0, 0x2a, 0xef, 0xc5, 0x0, 0x2, 0xef, 0x98,
    0xcf, 0x60, 0xa, 0xf2, 0x0, 0xb, 0xf1, 0xf,
    0x90, 0x0, 0x3, 0xf5, 0x2f, 0x60, 0x0, 0x0,
    0xf7, 0x2f, 0x60, 0x0, 0x0, 0xf7, 0xf, 0x90,
    0x0, 0x3, 0xf5, 0xa, 0xf2, 0x0, 0xb, 0xf1,
    0x2, 0xee, 0x87, 0xcf, 0x60, 0x0, 0x2a, 0xef,
    0xc5, 0x0,

    /* U+0070 "p" */
    0xbc, 0x1a, 0xfe, 0x90, 0xb, 0xee, 0xc8, 0xbf,
    0xc0, 0xbf, 0x90, 0x0, 0x7f, 0x7b, 0xf0, 0x0,
    0x0, 0xdc, 0xbc, 0x0, 0x0, 0xa, 0xeb, 0xc0,
    0x0, 0x0, 0xae, 0xbf, 0x0, 0x0, 0xd, 0xbb,
    0xf8, 0x0, 0x6, 0xf5, 0xbe, 0xeb, 0x8b, 0xfc,
    0xb, 0xc2, 0xbf, 0xe9, 0x0, 0xbc, 0x0, 0x0,
    0x0, 0xb, 0xc0, 0x0, 0x0, 0x0, 0xbc, 0x0,
    0x0, 0x0, 0xb, 0xc0, 0x0, 0x0, 0x0,

    /* U+0071 "q" */
    0x0, 0x2a, 0xfe, 0x80, 0xf7, 0x2, 0xef, 0xa8,
    0xdc, 0xf7, 0xa, 0xf3, 0x0, 0xc, 0xf7, 0xf,
    0xa0, 0x0, 0x3, 0xf7, 0x2f, 0x60, 0x0, 0x0,
    0xf7, 0x1f, 0x60, 0x0, 0x0, 0xf7, 0xf, 0xa0,
    0x0, 0x3, 0xf7, 0x9, 0xf3, 0x0, 0xb, 0xf7,
    0x1, 0xef, 0xa8, 0xdc, 0xf7, 0x0, 0x2a, 0xfe,
    0x91, 0xf7, 0x0, 0x0, 0x0, 0x0, 0xf7, 0x0,
    0x0, 0x0, 0x0, 0xf7, 0x0, 0x0, 0x0, 0x0,
    0xf7, 0x0, 0x0, 0x0, 0x0, 0xf7,

    /* U+0072 "r" */
    0xbc, 0x7, 0xd8, 0xbc, 0xaf, 0xc5, 0xbf, 0xb1,
    0x0, 0xbf, 0x10, 0x0, 0xbc, 0x0, 0x0, 0xbc,
    0x0, 0x0, 0xbc, 0x0, 0x0, 0xbc, 0x0, 0x0,
    0xbc, 0x0, 0x0, 0xbc, 0x0, 0x0,

    /* U+0073 "s" */
    0x1, 0x9e, 0xfd, 0x60, 0xb, 0xf8, 0x7b, 0xf8,
    0x1f, 0x70, 0x0, 0x75, 0x1f, 0xb0, 0x0, 0x0,
    0x7, 0xfe, 0xa5, 0x0, 0x0, 0x28, 0xcf, 0xe3,
    0x0, 0x0, 0x2, 0xec, 0x1a, 0x20, 0x0, 0xbd,
    0x1e, 0xf8, 0x69, 0xf8, 0x1, 0x9e, 0xfd, 0x70,

    /* U+0074 "t" */
    0x2, 0xf5, 0x0, 0x0, 0x2f, 0x50, 0x0, 0x2,
    0xf5, 0x0, 0xa, 0xff, 0xff, 0xf1, 0x48, 0xfa,
    0x77, 0x0, 0x2f, 0x50, 0x0, 0x2, 0xf5, 0x0,
    0x0, 0x2f, 0x50, 0x0, 0x2, 0xf5, 0x0, 0x0,
    0x2f, 0x50, 0x0, 0x1, 0xf7, 0x0, 0x0, 0xd,
    0xe8, 0x70, 0x0, 0x2c, 0xfc, 0x0,

    /* U+0075 "u" */
    0xcb, 0x0, 0x0, 0x6f, 0x2c, 0xb0, 0x0, 0x6,
    0xf2, 0xcb, 0x0, 0x0, 0x6f, 0x2c, 0xb0, 0x0,
    0x6, 0xf2, 0xcb, 0x0, 0x0, 0x6f, 0x2c, 0xb0,
    0x0, 0x6, 0xf2, 0xcc, 0x0, 0x0, 0x7f, 0x29,
    0xf2, 0x0, 0xd, 0xf2, 0x3f, 0xe7, 0x7d, 0xcf,
    0x20, 0x4c, 0xfd, 0x66, 0xf2,

    /* U+0076 "v" */
    0xbe, 0x0, 0x0, 0xb, 0xd0, 0x5f, 0x40, 0x0,
    0x1f, 0x70, 0xf, 0x90, 0x0, 0x6f, 0x20, 0x9,
    0xe0, 0x0, 0xcc, 0x0, 0x4, 0xf4, 0x2, 0xf6,
    0x0, 0x0, 0xea, 0x7, 0xf0, 0x0, 0x0, 0x8f,
    0xd, 0xa0, 0x0, 0x0, 0x2f, 0x8f, 0x40, 0x0,
    0x0, 0xc, 0xfe, 0x0, 0x0, 0x0, 0x6, 0xf8,
    0x0, 0x0,

    /* U+0077 "w" */
    0xbe, 0x0, 0x0, 0xcf, 0x10, 0x0, 0x8f, 0x16,
    0xf2, 0x0, 0x1f, 0xf6, 0x0, 0xd, 0xc0, 0x1f,
    0x70, 0x5, 0xfb, 0xa0, 0x2, 0xf7, 0x0, 0xcc,
    0x0, 0xab, 0x6f, 0x0, 0x6f, 0x20, 0x7, 0xf1,
    0xe, 0x71, 0xf4, 0xb, 0xd0, 0x0, 0x2f, 0x53,
    0xf2, 0xd, 0x80, 0xf8, 0x0, 0x0, 0xda, 0x7e,
    0x0, 0x8d, 0x4f, 0x30, 0x0, 0x8, 0xec, 0x90,
    0x3, 0xfb, 0xe0, 0x0, 0x0, 0x3f, 0xf5, 0x0,
    0xf, 0xf9, 0x0, 0x0, 0x0, 0xef, 0x0, 0x0,
    0xaf, 0x40, 0x0,

    /* U+0078 "x" */
    0x4f, 0x80, 0x0, 0x7f, 0x40, 0x9f, 0x20, 0x1f,
    0x90, 0x0, 0xec, 0xa, 0xe1, 0x0, 0x4, 0xfa,
    0xf4, 0x0, 0x0, 0x9, 0xfa, 0x0, 0x0, 0x0,
    0xdf, 0xb0, 0x0, 0x0, 0x8f, 0x7f, 0x60, 0x0,
    0x3f, 0x80, 0xaf, 0x10, 0xd, 0xe0, 0x1, 0xfb,
    0x8, 0xf4, 0x0, 0x6, 0xf6,

    /* U+0079 "y" */
    0xbe, 0x0, 0x0, 0xa, 0xf0, 0x5f, 0x50, 0x0,
    0xf, 0xa0, 0xe, 0xb0, 0x0, 0x5f, 0x30, 0x8,
    0xf1, 0x0, 0xbd, 0x0, 0x2, 0xf7, 0x1, 0xf7,
    0x0, 0x0, 0xcd, 0x6, 0xf1, 0x0, 0x0, 0x6f,
    0x3c, 0xb0, 0x0, 0x0, 0xf, 0xbf, 0x50, 0x0,
    0x0, 0x9, 0xfe, 0x0, 0x0, 0x0, 0x4, 0xf9,
    0x0, 0x0, 0x0, 0x8, 0xf3, 0x0, 0x0, 0x0,
    0xd, 0xd0, 0x0, 0x0, 0x0, 0x3f, 0x60, 0x0,
    0x0, 0x0, 0x9f, 0x10, 0x0, 0x0,

    /* U+007A "z" */
    0x5f, 0xff, 0xff, 0xff, 0x2, 0x77, 0x77, 0x9f,
    0xb0, 0x0, 0x0, 0xc, 0xe1, 0x0, 0x0, 0x9,
    0xf4, 0x0, 0x0, 0x4, 0xf9, 0x0, 0x0, 0x1,
    0xed, 0x0, 0x0, 0x0, 0xcf, 0x20, 0x0, 0x0,
    0x7f, 0x60, 0x0, 0x0, 0x3f, 0xe7, 0x77, 0x77,
    0x16, 0xff, 0xff, 0xff, 0xf3,

    /* U+007B "{" */
    0x0, 0x0, 0x1, 0x0, 0x6, 0xee, 0x0, 0x2f,
    0xb5, 0x0, 0x5f, 0x10, 0x0, 0x6f, 0x0, 0x0,
    0x6f, 0x0, 0x0, 0x8e, 0x0, 0x15, 0xf9, 0x0,
    0x9f, 0xa0, 0x0, 0x39, 0xf5, 0x0, 0x0, 0xad,
    0x0, 0x0, 0x7f, 0x0, 0x0, 0x6f, 0x0, 0x0,
    0x6f, 0x0, 0x0, 0x5f, 0x10, 0x0, 0x2f, 0xa2,
    0x0, 0x7, 0xfe, 0x0, 0x0, 0x13,

    /* U+007C "|" */
    0x56, 0xbc, 0xbc, 0xbc, 0xbc, 0xbc, 0xbc, 0xbc,
    0xbc, 0xbc, 0xbc, 0xbc, 0xbc, 0xbc, 0xbc, 0xbc,
    0xbc,

    /* U+007D "}" */
    0x0, 0x0, 0x0, 0x9f, 0x90, 0x0, 0x39, 0xf7,
    0x0, 0x0, 0xca, 0x0, 0x0, 0xbb, 0x0, 0x0,
    0xbb, 0x0, 0x0, 0xad, 0x0, 0x0, 0x4f, 0x82,
    0x0, 0x6, 0xfe, 0x0, 0x2f, 0xb5, 0x0, 0x8e,
    0x0, 0x0, 0xac, 0x0, 0x0, 0xbb, 0x0, 0x0,
    0xbb, 0x0, 0x0, 0xca, 0x0, 0x16, 0xf7, 0x0,
    0x9f, 0xb0, 0x0, 0x22, 0x0, 0x0,

    /* U+007E "~" */
    0x0, 0x1, 0x0, 0x0, 0x0, 0x4e, 0xfb, 0x44,
    0xd5, 0xe, 0xa6, 0xbf, 0xfc, 0x0, 0x10, 0x0,
    0x24, 0x0,

    /* U+007F "" */

    /* U+2026 "…" */
    0xdd, 0x0, 0x0, 0xdd, 0x0, 0x0, 0xdd, 0xff,
    0x0, 0x0, 0xff, 0x0, 0x0, 0xff,

    /* U+4E00 "一" */
    0x78, 0x88, 0x88, 0x88, 0x88, 0x88, 0x88, 0x87,
    0xef, 0xff, 0xff, 0xff, 0xff, 0xff, 0xff, 0xfe,
    0x0, 0x0, 0x0, 0x0, 0x0, 0x0, 0x0, 0x0,

    /* U+4E07 "万" */
    0x1, 0x11, 0x11, 0x11, 0x11, 0x11, 0x11, 0x11,
    0xaf, 0xff, 0xff, 0xff, 0xff, 0xff, 0xff, 0xfe,
    0x34, 0x44, 0x5f, 0x94, 0x44, 0x44, 0x44, 0x44,
    0x0, 0x0, 0x1f, 0x50, 0x0, 0x0, 0x0, 0x0,
    0x0, 0x0, 0x2f, 0x40, 0x0, 0x0, 0x0, 0x0,
    0x0, 0x0, 0x3f, 0x96, 0x66, 0x66, 0x66, 0x0,
    0x0, 0x0, 0x4f, 0xff, 0xff, 0xff, 0xfe, 0x0,
    0x0, 0x0, 0x6f, 0x0, 0x0, 0x0, 0xac, 0x0,
    0x0, 0x0, 0x8e, 0x0, 0x0, 0x0, 0xbb, 0x0,
    0x0, 0x0, 0xcb, 0x0, 0x0, 0x0, 0xca, 0x0,
    0x0, 0x1, 0xf7, 0x0, 0x0, 0x0, 0xea, 0x0,
    0x0, 0x7, 0xf1, 0x0, 0x0, 0x0, 0xf9, 0x0,
    0x0, 0x1f, 0xa0, 0x0, 0x0, 0x0, 0xf7, 0x0,
    0x0, 0xcf, 0x10, 0x0, 0x0, 0x3, 0xf5, 0x0,
    0xb, 0xf5, 0x0, 0x5, 0x66, 0x7d, 0xf2, 0x0,
    0x8f, 0x70, 0x0, 0xa, 0xff, 0xfd, 0x60, 0x0,
    0x4, 0x0, 0x0, 0x0, 0x0, 0x0, 0x0, 0x0,

    /* U+4E09 "三" */
    0x6, 0x88, 0x88, 0x88, 0x88, 0x88, 0x88, 0x70,
    0xc, 0xff, 0xff, 0xff, 0xff, 0xff, 0xff, 0xd0,
    0x0, 0x0, 0x0, 0x0, 0x0, 0x0, 0x0, 0x0,
    0x0, 0x0, 0x0, 0x0, 0x0, 0x0, 0x0, 0x0,
    0x0, 0x0, 0x0, 0x0, 0x0, 0x0, 0x0, 0x0,
    0x0, 0x0, 0x0, 0x0, 0x0, 0x0, 0x0, 0x0,
    0x0, 0xff, 0xff, 0xff, 0xff, 0xff, 0xff, 0x10,
    0x0, 0x77, 0x77, 0x77, 0x77, 0x77, 0x77, 0x0,
    0x0, 0x0, 0x0, 0x0, 0x0, 0x0, 0x0, 0x0,
    0x0, 0x0, 0x0, 0x0, 0x0, 0x0, 0x0, 0x0,
    0x0, 0x0, 0x0, 0x0, 0x0, 0x0, 0x0, 0x0,
    0x0, 0x0, 0x0, 0x0, 0x0, 0x0, 0x0, 0x0,
    0x68, 0x88, 0x88, 0x88, 0x88, 0x88, 0x88, 0x87,
    0xcf, 0xff, 0xff, 0xff, 0xff, 0xff, 0xff, 0xfe,

    /* U+4E0A "上" */
    0x0, 0x0, 0x0, 0x4, 0x10, 0x0, 0x0, 0x0,
    0x0, 0x0, 0x0, 0x3f, 0x40, 0x0, 0x0, 0x0,
    0x0, 0x0, 0x0, 0x3f, 0x40, 0x0, 0x0, 0x0,
    0x0, 0x0, 0x0, 0x3f, 0x40, 0x0, 0x0, 0x0,
    0x0, 0x0, 0x0, 0x3f, 0x40, 0x0, 0x0, 0x0,
    0x0, 0x0, 0x0, 0x3f, 0x40, 0x0, 0x0, 0x0,
    0x0, 0x0, 0x0, 0x3f, 0xff, 0xff, 0xff, 0xf0,
    0x0, 0x0, 0x0, 0x3f, 0x96, 0x66, 0x66, 0x60,
    0x0, 0x0, 0x0, 0x3f, 0x40, 0x0, 0x0, 0x0,
    0x0, 0x0, 0x0, 0x3f, 0x40, 0x0, 0x0, 0x0,
    0x0, 0x0, 0x0, 0x3f, 0x40, 0x0, 0x0, 0x0,
    0x0, 0x0, 0x0, 0x3f, 0x40, 0x0, 0x0, 0x0,
    0x0, 0x0, 0x0, 0x3f, 0x40, 0x0, 0x0, 0x0,
    0x0, 0x0, 0x0, 0x3f, 0x40, 0x0, 0x0, 0x0,
    0x22, 0x22, 0x22, 0x5f, 0x62, 0x22, 0x22, 0x22,
    0xcf, 0xff, 0xff, 0xff, 0xff, 0xff, 0xff, 0xfe,
    0x34, 0x44, 0x44, 0x44, 0x44, 0x44, 0x44, 0x43,

    /* U+4E0B "下" */
    0xbf, 0xff, 0xff, 0xff, 0xff, 0xff, 0xff, 0xfe,
    0x46, 0x66, 0x66, 0x8f, 0x96, 0x66, 0x66, 0x65,
    0x0, 0x0, 0x0, 0x3f, 0x50, 0x0, 0x0, 0x0,
    0x0, 0x0, 0x0, 0x3f, 0x50, 0x0, 0x0, 0x0,
    0x0, 0x0, 0x0, 0x3f, 0x6a, 0x20, 0x0, 0x0,
    0x0, 0x0, 0x0, 0x3f, 0x7d, 0xf6, 0x0, 0x0,
    0x0, 0x0, 0x0, 0x3f, 0x50, 0xaf, 0xa0, 0x0,
    0x0, 0x0, 0x0, 0x3f, 0x50, 0x6, 0xfd, 0x20,
    0x0, 0x0, 0x0, 0x3f, 0x50, 0x0, 0x3e, 0xc0,
    0x0, 0x0, 0x0, 0x3f, 0x50, 0x0, 0x1, 0x20,
    0x0, 0x0, 0x0, 0x3f, 0x50, 0x0, 0x0, 0x0,
    0x0, 0x0, 0x0, 0x3f, 0x50, 0x0, 0x0, 0x0,
    0x0, 0x0, 0x0, 0x3f, 0x50, 0x0, 0x0, 0x0,
    0x0, 0x0, 0x0, 0x3f, 0x50, 0x0, 0x0, 0x0,
    0x0, 0x0, 0x0, 0x3f, 0x50, 0x0, 0x0, 0x0,

    /* U+4E24 "两" */
    0x23, 0x33, 0x33, 0x33, 0x33, 0x33, 0x33, 0x31,
    0xef, 0xff, 0xff, 0xff, 0xff, 0xff, 0xff, 0xf7,
    0x11, 0x11, 0x2f, 0x41, 0x1d, 0x81, 0x11, 0x10,
    0x0, 0x0, 0x1f, 0x30, 0xd, 0x80, 0x0, 0x0,
    0x5, 0x55, 0x6f, 0x75, 0x5e, 0xa5, 0x55, 0x20,
    0x1f, 0xff, 0xff, 0xff, 0xff, 0xff, 0xff, 0x70,
    0x1f, 0x30, 0x4f, 0x20, 0xf, 0x60, 0xe, 0x70,
    0x1f, 0x30, 0x6f, 0x0, 0xf, 0x40, 0xe, 0x70,
    0x1f, 0x30, 0x9f, 0x90, 0x4f, 0x70, 0xe, 0x70,
    0x1f, 0x30, 0xea, 0xf8, 0x8e, 0xf5, 0xe, 0x70,
    0x1f, 0x35, 0xf1, 0x46, 0xe6, 0x6f, 0x3e, 0x70,
    0x1f, 0x4d, 0xa0, 0x7, 0xe0, 0xa, 0xce, 0x70,
    0x1f, 0xae, 0x10, 0x3f, 0x50, 0x0, 0x1e, 0x70,
    0x1f, 0x32, 0x0, 0x38, 0x0, 0x0, 0xe, 0x70,
    0x1f, 0x30, 0x0, 0x0, 0x0, 0x44, 0x6f, 0x60,
    0x1f, 0x30, 0x0, 0x0, 0x0, 0xef, 0xfc, 0x10,
    0x1, 0x0, 0x0, 0x0, 0x0, 0x0, 0x0, 0x0,

    /* U+4E2D "中" */
    0x0, 0x0, 0x0, 0x73, 0x0, 0x0, 0x0, 0x0,
    0x0, 0x0, 0xe7, 0x0, 0x0, 0x0, 0x0, 0x0,
    0x0, 0xe7, 0x0, 0x0, 0x0, 0x0, 0x0, 0x0,
    0xe7, 0x0, 0x0, 0x0, 0xef, 0xff, 0xff, 0xff,
    0xff, 0xff, 0xf7, 0xeb, 0x77, 0x77, 0xfb, 0x77,
    0x77, 0xf7, 0xe7, 0x0, 0x0, 0xe7, 0x0, 0x0,
    0xe7, 0xe7, 0x0, 0x0, 0xe7, 0x0, 0x0, 0xe7,
    0xe7, 0x0, 0x0, 0xe7, 0x0, 0x0, 0xe7, 0xe7,
    0x0, 0x0, 0xe7, 0x0, 0x0, 0xe7, 0xef, 0xee,
    0xee, 0xff, 0xee, 0xee, 0xf7, 0x67, 0x77, 0x77,
    0xfb, 0x77, 0x77, 0x73, 0x0, 0x0, 0x0, 0xe7,
    0x0, 0x0, 0x0, 0x0, 0x0, 0x0, 0xe7, 0x0,
    0x0, 0x0, 0x0, 0x0, 0x0, 0xe7, 0x0, 0x0,
    0x0, 0x0, 0x0, 0x0, 0xe7, 0x0, 0x0, 0x0,
    0x0, 0x0, 0x0, 0xe7, 0x0, 0x0, 0x0,

    /* U+4E49 "义" */
    0x0, 0x0, 0x0, 0x1, 0x0, 0x0, 0x0, 0x0,
    0x0, 0x0, 0x0, 0xcb, 0x0, 0x0, 0x0, 0x0,
    0x0, 0x75, 0x0, 0x5f, 0x40, 0x0, 0xb9, 0x0,
    0x0, 0xcc, 0x0, 0xc, 0xd0, 0x0, 0xf8, 0x0,
    0x0, 0x6f, 0x20, 0x3, 0xf7, 0x5, 0xf4, 0x0,
    0x0, 0xf, 0x90, 0x0, 0x62, 0xb, 0xe0, 0x0,
    0x0, 0x8, 0xf1, 0x0, 0x0, 0x1f, 0x90, 0x0,
    0x0, 0x1, 0xf9, 0x0, 0x0, 0x8f, 0x20, 0x0,
    0x0, 0x0, 0x8f, 0x30, 0x2, 0xfa, 0x0, 0x0,
    0x0, 0x0, 0xd, 0xd1, 0xb, 0xf2, 0x0, 0x0,
    0x0, 0x0, 0x3, 0xfc, 0x9f, 0x70, 0x0, 0x0,
    0x0, 0x0, 0x0, 0x4f, 0xfa, 0x0, 0x0, 0x0,
    0x0, 0x0, 0x0, 0xaf, 0xfd, 0x20, 0x0, 0x0,
    0x0, 0x0, 0x5e, 0xf8, 0x4e, 0xf7, 0x0, 0x0,
    0x0, 0x4c, 0xfd, 0x40, 0x1, 0xbf, 0xe6, 0x0,
    0x5d, 0xff, 0x70, 0x0, 0x0, 0x5, 0xdf, 0xe7,
    0x8e, 0x81, 0x0, 0x0, 0x0, 0x0, 0x6, 0xd8,
    0x0, 0x0, 0x0, 0x0, 0x0, 0x0, 0x0, 0x0,

    /* U+4E70 "买" */
    0x2, 0x22, 0x22, 0x22, 0x22, 0x22, 0x22, 0x20,
    0xf, 0xff, 0xff, 0xff, 0xff, 0xff, 0xff, 0xf3,
    0x1, 0x23, 0x22, 0x22, 0x24, 0x32, 0x27, 0xf1,
    0x0, 0xe, 0xb2, 0x0, 0xe, 0x80, 0xb, 0xc0,
    0x0, 0x2, 0xbf, 0x91, 0xe, 0x80, 0x1f, 0x60,
    0x1, 0x30, 0x5, 0xe6, 0xf, 0x70, 0x18, 0x10,
    0x6, 0xfa, 0x10, 0x10, 0xf, 0x70, 0x0, 0x0,
    0x0, 0x3d, 0xf7, 0x0, 0xf, 0x60, 0x0, 0x0,
    0x0, 0x0, 0x7e, 0x10, 0x1f, 0x50, 0x0, 0x0,
    0x35, 0x55, 0x55, 0x55, 0x7f, 0x75, 0x55, 0x54,
    0xaf, 0xff, 0xff, 0xff, 0xff, 0xff, 0xff, 0xfe,
    0x0, 0x0, 0x0, 0x3, 0xfa, 0x0, 0x0, 0x0,
    0x0, 0x0, 0x0, 0x3e, 0xef, 0xc4, 0x0, 0x0,
    0x0, 0x0, 0x3a, 0xfc, 0x13, 0xbf, 0xb3, 0x0,
    0x4, 0x8d, 0xfe, 0x60, 0x0, 0x4, 0xdf, 0xa2,
    0x4f, 0xe9, 0x40, 0x0, 0x0, 0x0, 0x5, 0xe5,
    0x2, 0x0, 0x0, 0x0, 0x0, 0x0, 0x0, 0x0,

    /* U+4E8C "二" */
    0x0, 0x11, 0x11, 0x11, 0x11, 0x11, 0x11, 0x0,
    0x7, 0xff, 0xff, 0xff, 0xff, 0xff, 0xff, 0x60,
    0x2, 0x66, 0x66, 0x66, 0x66, 0x66, 0x66, 0x20,
    0x0, 0x0, 0x0, 0x0, 0x0, 0x0, 0x0, 0x0,
    0x0, 0x0, 0x0, 0x0, 0x0, 0x0, 0x0, 0x0,
    0x0, 0x0, 0x0, 0x0, 0x0, 0x0, 0x0, 0x0,
    0x0, 0x0, 0x0, 0x0, 0x0, 0x0, 0x0, 0x0,
    0x0, 0x0, 0x0, 0x0, 0x0, 0x0, 0x0, 0x0,
    0x0, 0x0, 0x0, 0x0, 0x0, 0x0, 0x0, 0x0,
    0x0, 0x0, 0x0, 0x0, 0x0, 0x0, 0x0, 0x0,
    0x0, 0x0, 0x0, 0x0, 0x0, 0x0, 0x0, 0x0,
    0x0, 0x0, 0x0, 0x0, 0x0, 0x0, 0x0, 0x0,
    0xef, 0xff, 0xff, 0xff, 0xff, 0xff, 0xff, 0xfe,
    0x78, 0x88, 0x88, 0x88, 0x88, 0x88, 0x88, 0x87,

    /* U+4E8E "于" */
    0x0, 0x11, 0x11, 0x11, 0x11, 0x11, 0x11, 0x0,
    0xa, 0xff, 0xff, 0xff, 0xff, 0xff, 0xff, 0xa0,
    0x3, 0x44, 0x44, 0x4a, 0xf4, 0x44, 0x44, 0x20,
    0x0, 0x0, 0x0, 0x7, 0xf0, 0x0, 0x0, 0x0,
    0x0, 0x0, 0x0, 0x7, 0xf0, 0x0, 0x0, 0x0,
    0x0, 0x0, 0x0, 0x7, 0xf0, 0x0, 0x0, 0x0,
    0x56, 0x66, 0x66, 0x6a, 0xf6, 0x66, 0x66, 0x65,
    0xef, 0xff, 0xff, 0xff, 0xff, 0xff, 0xff, 0xfe,
    0x0, 0x0, 0x0, 0x7, 0xf0, 0x0, 0x0, 0x0,
    0x0, 0x0, 0x0, 0x7, 0xf0, 0x0, 0x0, 0x0,
    0x0, 0x0, 0x0, 0x7, 0xf0, 0x0, 0x0, 0x0,
    0x0, 0x0, 0x0, 0x7, 0xf0, 0x0, 0x0, 0x0,
    0x0, 0x0, 0x0, 0x7, 0xf0, 0x0, 0x0, 0x0,
    0x0, 0x0, 0x0, 0x8, 0xf0, 0x0, 0x0, 0x0,
    0x0, 0x1, 0x66, 0x7e, 0xe0, 0x0, 0x0, 0x0,
    0x0, 0x2, 0xff, 0xfe, 0x60, 0x0, 0x0, 0x0,

    /* U+4E94 "五" */
    0x2f, 0xff, 0xff, 0xff, 0xff, 0xff, 0xff, 0xf3,
    0x6, 0x66, 0x69, 0xf7, 0x66, 0x66, 0x66, 0x61,
    0x0, 0x0, 0x7, 0xf0, 0x0, 0x0, 0x0, 0x0,
    0x0, 0x0, 0x9, 0xd0, 0x0, 0x0, 0x0, 0x0,
    0x0, 0x0, 0xc, 0xa0, 0x0, 0x0, 0x0, 0x0,
    0x5, 0x77, 0x7f, 0xb7, 0x77, 0x77, 0x71, 0x0,
    0xb, 0xff, 0xff, 0xff, 0xff, 0xff, 0xf2, 0x0,
    0x0, 0x0, 0x4f, 0x20, 0x0, 0x4, 0xf2, 0x0,
    0x0, 0x0, 0x7f, 0x0, 0x0, 0x4, 0xf1, 0x0,
    0x0, 0x0, 0xac, 0x0, 0x0, 0x5, 0xf1, 0x0,
    0x0, 0x0, 0xd9, 0x0, 0x0, 0x6, 0xf0, 0x0,
    0x0, 0x0, 0xf6, 0x0, 0x0, 0x6, 0xf0, 0x0,
    0x1, 0x13, 0xf4, 0x11, 0x11, 0x17, 0xf1, 0x10,
    0xef, 0xff, 0xff, 0xff, 0xff, 0xff, 0xff, 0xff,
    0x34, 0x44, 0x44, 0x44, 0x44, 0x44, 0x44, 0x44,

    /* U+4F1A "会" */
    0x0, 0x0, 0x0, 0x0, 0x10, 0x0, 0x0, 0x0,
    0x0, 0x0, 0x0, 0x0, 0xcf, 0x60, 0x0, 0x0,
    0x0, 0x0, 0x0, 0x0, 0xbe, 0x9f, 0x40, 0x0,
    0x0, 0x0, 0x0, 0x0, 0xbf, 0x30, 0x9f, 0x50,
    0x0, 0x0, 0x0, 0x2, 0xce, 0x30, 0x0, 0x9f,
    0x70, 0x0, 0x0, 0x5, 0xfd, 0x20, 0x0, 0x0,
    0x7f, 0xc2, 0x0, 0x3c, 0xfa, 0x54, 0x44, 0x44,
    0x44, 0x6d, 0xf8, 0x9, 0xc3, 0x1f, 0xff, 0xff,
    0xff, 0xf8, 0x7, 0xe1, 0x0, 0x0, 0x0, 0x0,
    0x0, 0x0, 0x0, 0x0, 0x0, 0x0, 0x0, 0x0,
    0x0, 0x0, 0x0, 0x0, 0x0, 0x4f, 0xff, 0xff,
    0xff, 0xff, 0xff, 0xff, 0xfa, 0x1, 0x55, 0x55,
    0x9f, 0x95, 0x55, 0x55, 0x55, 0x30, 0x0, 0x0,
    0x2e, 0xb0, 0x0, 0xa8, 0x0, 0x0, 0x0, 0x0,
    0x1d, 0xd1, 0x0, 0x6, 0xf6, 0x0, 0x0, 0x0,
    0x2e, 0xd1, 0x0, 0x1, 0x2b, 0xf4, 0x0, 0x0,
    0xd, 0xfe, 0xef, 0xff, 0xff, 0xff, 0xe2, 0x0,
    0x0, 0x68, 0x76, 0x54, 0x33, 0x21, 0x1d, 0x70,
    0x0, 0x0, 0x0, 0x0, 0x0, 0x0, 0x0, 0x10,
    0x0,

    /* U+4FE1 "信" */
    0x0, 0x0, 0x10, 0x0, 0x0, 0x11, 0x0, 0x0,
    0x0, 0x0, 0x0, 0xe7, 0x0, 0x0, 0xda, 0x0,
    0x0, 0x0, 0x0, 0x3, 0xf4, 0x11, 0x11, 0x8f,
    0x21, 0x11, 0x10, 0x0, 0x8, 0xe6, 0xff, 0xff,
    0xff, 0xff, 0xff, 0xf0, 0x0, 0xe, 0x81, 0x33,
    0x33, 0x33, 0x33, 0x33, 0x30, 0x0, 0x5f, 0x50,
    0x13, 0x33, 0x33, 0x33, 0x32, 0x0, 0x0, 0xdf,
    0x50, 0x5f, 0xff, 0xff, 0xff, 0xfa, 0x0, 0x6,
    0xff, 0x50, 0x0, 0x0, 0x0, 0x0, 0x0, 0x0,
    0xe, 0xaf, 0x50, 0x25, 0x55, 0x55, 0x55, 0x54,
    0x0, 0xc, 0x1f, 0x50, 0x5d, 0xdd, 0xdd, 0xdd,
    0xd9, 0x0, 0x0, 0xf, 0x50, 0x0, 0x0, 0x0,
    0x0, 0x0, 0x0, 0x0, 0xf, 0x50, 0x5f, 0xff,
    0xff, 0xff, 0xfa, 0x0, 0x0, 0xf, 0x50, 0x5f,
    0x44, 0x44, 0x44, 0xbb, 0x0, 0x0, 0xf, 0x50,
    0x5f, 0x0, 0x0, 0x0, 0xab, 0x0, 0x0, 0xf,
    0x50, 0x5f, 0x11, 0x11, 0x11, 0xab, 0x0, 0x0,
    0xf, 0x50, 0x5f, 0xff, 0xff, 0xff, 0xfb, 0x0,
    0x0, 0xf, 0x50, 0x5f, 0x22, 0x22, 0x22, 0xaa,
    0x0,

    /* U+4FEE "修" */
    0x0, 0x0, 0x40, 0x0, 0x1, 0x60, 0x0, 0x0,
    0x0, 0x0, 0x2f, 0x20, 0x0, 0x8d, 0x0, 0x0,
    0x0, 0x0, 0x6, 0xc0, 0x0, 0x3f, 0xff, 0xff,
    0xfa, 0x0, 0x0, 0xc7, 0x94, 0x1d, 0xd2, 0x22,
    0x5f, 0x50, 0x0, 0x2f, 0x2c, 0x6c, 0xcd, 0x90,
    0x2d, 0xa0, 0x0, 0x9, 0xf0, 0xc6, 0xa0, 0x2e,
    0xce, 0xa0, 0x0, 0x1, 0xff, 0xc, 0x50, 0x3,
    0xbf, 0xf9, 0x20, 0x0, 0x9f, 0xf0, 0xc6, 0x7d,
    0xfa, 0x24, 0xcf, 0xd7, 0xf, 0x9f, 0xc, 0x6c,
    0x71, 0x3, 0xc7, 0x27, 0x50, 0x73, 0xf0, 0xc5,
    0x0, 0x4b, 0xf7, 0x1, 0x0, 0x0, 0x3f, 0xc,
    0x54, 0xee, 0x81, 0x1a, 0xe0, 0x0, 0x3, 0xf0,
    0xc5, 0x16, 0x1, 0x8f, 0xb2, 0x10, 0x0, 0x3f,
    0xc, 0x50, 0x39, 0xfc, 0x40, 0x6f, 0x50, 0x3,
    0xf0, 0xc5, 0x6f, 0xa4, 0x4, 0xce, 0x50, 0x0,
    0x3f, 0x1, 0x0, 0x0, 0x6c, 0xf8, 0x10, 0x0,
    0x3, 0xf0, 0x0, 0x5a, 0xfe, 0x71, 0x0, 0x0,
    0x0, 0x3f, 0x0, 0x4e, 0x94, 0x0, 0x0, 0x0,
    0x0, 0x0, 0x0, 0x0, 0x0, 0x0, 0x0, 0x0,
    0x0,

    /* U+5065 "健" */
    0x0, 0x0, 0x0, 0x0, 0x0, 0x3, 0x0, 0x0,
    0x0, 0x6, 0xc0, 0x0, 0x0, 0x0, 0xf3, 0x0,
    0x0, 0x0, 0xa9, 0x8c, 0xca, 0x48, 0x8f, 0xa8,
    0x81, 0x0, 0xe, 0x44, 0x5c, 0xb3, 0x77, 0xf9,
    0x7f, 0x20, 0x4, 0xf0, 0x3, 0xf2, 0x0, 0xf,
    0x30, 0xf3, 0x0, 0xae, 0x0, 0xd7, 0xf, 0xff,
    0xff, 0xff, 0xf4, 0xf, 0xe0, 0x7d, 0x0, 0x0,
    0xf, 0x30, 0xf2, 0x7, 0xfe, 0xe, 0xed, 0x94,
    0x99, 0xfa, 0x9f, 0x20, 0xe9, 0xe0, 0x45, 0x9b,
    0x37, 0x7f, 0x97, 0x71, 0x8, 0x3e, 0x6, 0x8,
    0x91, 0x22, 0xf5, 0x22, 0x10, 0x3, 0xe0, 0xf2,
    0xb6, 0x8e, 0xef, 0xfe, 0xe7, 0x0, 0x3e, 0xb,
    0x7e, 0x30, 0x0, 0xf3, 0x0, 0x0, 0x3, 0xe0,
    0x5f, 0xe0, 0xaa, 0xaf, 0xba, 0xa8, 0x0, 0x3e,
    0x0, 0xea, 0x6, 0x66, 0xf8, 0x66, 0x40, 0x3,
    0xe0, 0x4f, 0xf5, 0x0, 0xf, 0x30, 0x0, 0x0,
    0x3e, 0xd, 0x75, 0xfa, 0x53, 0x32, 0x22, 0x20,
    0x3, 0xe4, 0xb0, 0x3, 0xae, 0xff, 0xff, 0xff,
    0x20, 0x0, 0x0, 0x0, 0x0, 0x0, 0x0, 0x0,
    0x0,

    /* U+5143 "元" */
    0x0, 0x11, 0x11, 0x11, 0x11, 0x11, 0x11, 0x0,
    0x7, 0xff, 0xff, 0xff, 0xff, 0xff, 0xff, 0x40,
    0x2, 0x55, 0x55, 0x55, 0x55, 0x55, 0x55, 0x10,
    0x0, 0x0, 0x0, 0x0, 0x0, 0x0, 0x0, 0x0,
    0x0, 0x0, 0x0, 0x0, 0x0, 0x0, 0x0, 0x0,
    0x45, 0x55, 0x55, 0x55, 0x55, 0x55, 0x55, 0x53,
    0xef, 0xff, 0xff, 0xff, 0xff, 0xff, 0xff, 0xfb,
    0x0, 0x0, 0xbc, 0x0, 0xf, 0x70, 0x0, 0x0,
    0x0, 0x0, 0xbb, 0x0, 0xf, 0x70, 0x0, 0x0,
    0x0, 0x0, 0xbb, 0x0, 0xf, 0x70, 0x0, 0x0,
    0x0, 0x0, 0xd9, 0x0, 0xf, 0x70, 0x0, 0x10,
    0x0, 0x1, 0xf6, 0x0, 0xf, 0x70, 0x0, 0xaa,
    0x0, 0x9, 0xf1, 0x0, 0xf, 0x70, 0x0, 0xba,
    0x0, 0x6f, 0x70, 0x0, 0xf, 0x80, 0x0, 0xc9,
    0x8, 0xfa, 0x0, 0x0, 0xd, 0xd6, 0x67, 0xf7,
    0xaf, 0x90, 0x0, 0x0, 0x4, 0xdf, 0xff, 0xc1,
    0x14, 0x0, 0x0, 0x0, 0x0, 0x0, 0x0, 0x0,

    /* U+5165 "入" */
    0x0, 0x0, 0x57, 0x77, 0x40, 0x0, 0x0, 0x0,
    0x0, 0x0, 0xa, 0xff, 0xff, 0x60, 0x0, 0x0,
    0x0, 0x0, 0x0, 0x0, 0x0, 0xcb, 0x0, 0x0,
    0x0, 0x0, 0x0, 0x0, 0x0, 0xc, 0xd0, 0x0,
    0x0, 0x0, 0x0, 0x0, 0x0, 0x0, 0xff, 0x0,
    0x0, 0x0, 0x0, 0x0, 0x0, 0x0, 0x4f, 0xf4,
    0x0, 0x0, 0x0, 0x0, 0x0, 0x0, 0xa, 0xdd,
    0x90, 0x0, 0x0, 0x0, 0x0, 0x0, 0x1, 0xf6,
    0x7e, 0x0, 0x0, 0x0, 0x0, 0x0, 0x0, 0x9f,
    0x2, 0xf6, 0x0, 0x0, 0x0, 0x0, 0x0, 0x2f,
    0x70, 0xa, 0xd0, 0x0, 0x0, 0x0, 0x0, 0xd,
    0xd0, 0x0, 0x2f, 0x80, 0x0, 0x0, 0x0, 0xa,
    0xf3, 0x0, 0x0, 0x8f, 0x50, 0x0, 0x0, 0x8,
    0xf5, 0x0, 0x0, 0x0, 0xcf, 0x40, 0x0, 0x9,
    0xf8, 0x0, 0x0, 0x0, 0x0, 0xcf, 0x60, 0xa,
    0xf8, 0x0, 0x0, 0x0, 0x0, 0x1, 0xcf, 0x90,
    0x67, 0x0, 0x0, 0x0, 0x0, 0x0, 0x0, 0x95,

    /* U+5168 "全" */
    0x0, 0x0, 0x0, 0x1, 0x30, 0x0, 0x0, 0x0,
    0x0, 0x0, 0x0, 0x1, 0xef, 0x60, 0x0, 0x0,
    0x0, 0x0, 0x0, 0x0, 0xbe, 0x9f, 0x30, 0x0,
    0x0, 0x0, 0x0, 0x0, 0xbf, 0x30, 0xbf, 0x30,
    0x0, 0x0, 0x0, 0x2, 0xcf, 0x40, 0x0, 0xbf,
    0x60, 0x0, 0x0, 0x5, 0xfe, 0x20, 0x0, 0x0,
    0x9f, 0xa1, 0x0, 0x3c, 0xfd, 0x32, 0x22, 0x22,
    0x22, 0x8f, 0xe7, 0x9, 0xe5, 0xef, 0xff, 0xff,
    0xff, 0xff, 0x69, 0xd0, 0x10, 0x2, 0x22, 0x29,
    0xe2, 0x22, 0x20, 0x0, 0x0, 0x0, 0x0, 0x0,
    0x8e, 0x0, 0x0, 0x0, 0x0, 0x0, 0x23, 0x33,
    0x39, 0xe3, 0x33, 0x33, 0x0, 0x0, 0xb, 0xff,
    0xff, 0xff, 0xff, 0xff, 0xf2, 0x0, 0x0, 0x12,
    0x22, 0x29, 0xe2, 0x22, 0x22, 0x0, 0x0, 0x0,
    0x0, 0x0, 0x8e, 0x0, 0x0, 0x0, 0x0, 0x0,
    0x0, 0x0, 0x8, 0xe0, 0x0, 0x0, 0x0, 0x5,
    0xff, 0xff, 0xff, 0xff, 0xff, 0xff, 0xff, 0xb0,
    0x15, 0x55, 0x55, 0x55, 0x55, 0x55, 0x55, 0x54,
    0x0,

    /* U+516C "公" */
    0x0, 0x0, 0x0, 0x0, 0x0, 0x0, 0x0, 0x0,
    0x0, 0x0, 0x0, 0x0, 0x97, 0x0, 0x9b, 0x0,
    0x0, 0x0, 0x0, 0x0, 0x2, 0xf5, 0x0, 0x6f,
    0x10, 0x0, 0x0, 0x0, 0x0, 0xa, 0xd0, 0x0,
    0xe, 0x90, 0x0, 0x0, 0x0, 0x0, 0x4f, 0x50,
    0x0, 0x7, 0xf2, 0x0, 0x0, 0x0, 0x1, 0xeb,
    0x0, 0x0, 0x0, 0xdc, 0x0, 0x0, 0x0, 0xb,
    0xe1, 0x0, 0x0, 0x0, 0x3f, 0x90, 0x0, 0x0,
    0xaf, 0x30, 0x2, 0xe3, 0x0, 0x5, 0xf9, 0x0,
    0xa, 0xf5, 0x0, 0xb, 0xe0, 0x0, 0x0, 0x6f,
    0xb0, 0x8, 0x50, 0x0, 0x4f, 0x50, 0x0, 0x0,
    0x5, 0x70, 0x0, 0x0, 0x0, 0xeb, 0x0, 0x38,
    0x0, 0x0, 0x0, 0x0, 0x0, 0x9, 0xf2, 0x0,
    0x3f, 0x60, 0x0, 0x0, 0x0, 0x0, 0x5f, 0x60,
    0x0, 0x8, 0xe1, 0x0, 0x0, 0x0, 0x2, 0xeb,
    0x0, 0x0, 0x0, 0xda, 0x0, 0x0, 0x0, 0x1d,
    0xe2, 0x23, 0x45, 0x67, 0xbf, 0x50, 0x0, 0x0,
    0x5f, 0xff, 0xff, 0xff, 0xfe, 0xdd, 0xe1, 0x0,
    0x0, 0x6, 0x54, 0x32, 0x10, 0x0, 0x1, 0xf6,
    0x0, 0x0, 0x0, 0x0, 0x0, 0x0, 0x0, 0x0,
    0x10, 0x0,

    /* U+5173 "关" */
    0x0, 0x0, 0x0, 0x0, 0x0, 0x0, 0x20, 0x0,
    0x0, 0x0, 0xd, 0x70, 0x0, 0x0, 0x2f, 0x70,
    0x0, 0x0, 0x0, 0x8f, 0x30, 0x0, 0xc, 0xe1,
    0x0, 0x0, 0x0, 0x0, 0xce, 0x0, 0x9, 0xf3,
    0x0, 0x0, 0x0, 0x77, 0x78, 0xb7, 0x78, 0xfc,
    0x77, 0x73, 0x0, 0x1e, 0xee, 0xee, 0xef, 0xee,
    0xee, 0xee, 0x60, 0x0, 0x0, 0x0, 0x0, 0xf6,
    0x0, 0x0, 0x0, 0x0, 0x0, 0x0, 0x0, 0xf,
    0x60, 0x0, 0x0, 0x0, 0x1, 0x11, 0x11, 0x12,
    0xf6, 0x11, 0x11, 0x11, 0x0, 0xef, 0xff, 0xff,
    0xff, 0xff, 0xff, 0xff, 0xf5, 0x4, 0x44, 0x44,
    0x48, 0xfc, 0x44, 0x44, 0x44, 0x10, 0x0, 0x0,
    0x0, 0xbf, 0xf2, 0x0, 0x0, 0x0, 0x0, 0x0,
    0x0, 0x7f, 0x3b, 0xd0, 0x0, 0x0, 0x0, 0x0,
    0x0, 0x8f, 0x70, 0x2e, 0xc1, 0x0, 0x0, 0x0,
    0x3, 0xcf, 0x70, 0x0, 0x2e, 0xf7, 0x0, 0x0,
    0x5c, 0xfd, 0x30, 0x0, 0x0, 0x1a, 0xfe, 0x92,
    0xd, 0xd6, 0x0, 0x0, 0x0, 0x0, 0x3, 0xaf,
    0x40, 0x10, 0x0, 0x0, 0x0, 0x0, 0x0, 0x0,
    0x10,

    /* U+51FB "击" */
    0x0, 0x0, 0x0, 0x4, 0x60, 0x0, 0x0, 0x0,
    0x0, 0x0, 0x0, 0x8, 0xd0, 0x0, 0x0, 0x0,
    0x0, 0x0, 0x0, 0x8, 0xd0, 0x0, 0x0, 0x0,
    0x3, 0x77, 0x77, 0x7b, 0xe7, 0x77, 0x77, 0x50,
    0x7, 0xee, 0xee, 0xef, 0xfe, 0xee, 0xee, 0xb0,
    0x0, 0x0, 0x0, 0x8, 0xd0, 0x0, 0x0, 0x0,
    0x0, 0x0, 0x0, 0x8, 0xd0, 0x0, 0x0, 0x0,
    0x12, 0x22, 0x22, 0x29, 0xd2, 0x22, 0x22, 0x22,
    0xaf, 0xff, 0xff, 0xff, 0xff, 0xff, 0xff, 0xfe,
    0x12, 0x22, 0x22, 0x29, 0xd2, 0x22, 0x22, 0x22,
    0x0, 0xa3, 0x0, 0x8, 0xd0, 0x0, 0xb, 0x30,
    0x1, 0xf5, 0x0, 0x8, 0xd0, 0x0, 0xf, 0x50,
    0x1, 0xf5, 0x0, 0x8, 0xd0, 0x0, 0xf, 0x50,
    0x1, 0xf5, 0x0, 0x8, 0xd0, 0x0, 0xf, 0x50,
    0x1, 0xf5, 0x0, 0x8, 0xd0, 0x0, 0xf, 0x50,
    0x1, 0xff, 0xff, 0xff, 0xff, 0xff, 0xff, 0x50,
    0x0, 0x55, 0x55, 0x55, 0x55, 0x55, 0x5f, 0x50,

    /* U+5206 "分" */
    0x0, 0x0, 0x0, 0x0, 0x1, 0x10, 0x0, 0x0,
    0x0, 0x0, 0x0, 0xb9, 0x0, 0xd9, 0x0, 0x0,
    0x0, 0x0, 0x0, 0x3f, 0x40, 0x6, 0xf1, 0x0,
    0x0, 0x0, 0x0, 0xd, 0xc0, 0x0, 0xe, 0xa0,
    0x0, 0x0, 0x0, 0x9, 0xf2, 0x0, 0x0, 0x5f,
    0x50, 0x0, 0x0, 0x7, 0xf6, 0x0, 0x0, 0x0,
    0xaf, 0x50, 0x0, 0x7, 0xf7, 0x0, 0x0, 0x0,
    0x0, 0xaf, 0x70, 0x9, 0xf9, 0x11, 0x11, 0x11,
    0x11, 0x11, 0x9f, 0xb0, 0x65, 0xaf, 0xff, 0xff,
    0xff, 0xff, 0xd0, 0x57, 0x0, 0x1, 0x23, 0xf6,
    0x22, 0x22, 0xbc, 0x0, 0x0, 0x0, 0x0, 0x1f,
    0x30, 0x0, 0xb, 0xb0, 0x0, 0x0, 0x0, 0x4,
    0xf2, 0x0, 0x0, 0xca, 0x0, 0x0, 0x0, 0x0,
    0x9e, 0x0, 0x0, 0xd, 0x90, 0x0, 0x0, 0x0,
    0x1f, 0x80, 0x0, 0x0, 0xe7, 0x0, 0x0, 0x0,
    0x1d, 0xe1, 0x0, 0x0, 0x1f, 0x60, 0x0, 0x0,
    0x4e, 0xe3, 0x1, 0x55, 0x5b, 0xf2, 0x0, 0x0,
    0x7f, 0xd2, 0x0, 0x1f, 0xff, 0xe7, 0x0, 0x0,
    0x0, 0x60, 0x0, 0x0, 0x0, 0x0, 0x0, 0x0,
    0x0,

    /* U+5212 "划" */
    0x0, 0x23, 0x0, 0x0, 0x0, 0x0, 0x0, 0x40,
    0x0, 0x7d, 0x9, 0x10, 0x0, 0x0, 0x2, 0xf2,
    0x0, 0x6d, 0x8, 0xd1, 0x0, 0x93, 0x2, 0xf2,
    0x0, 0x6e, 0x0, 0x98, 0x0, 0xe5, 0x2, 0xf2,
    0x0, 0x5f, 0x0, 0x36, 0x80, 0xe5, 0x2, 0xf2,
    0x14, 0x9f, 0xdf, 0xfe, 0xb0, 0xe5, 0x2, 0xf2,
    0x9f, 0xef, 0x84, 0x10, 0x0, 0xe5, 0x2, 0xf2,
    0x10, 0x1f, 0x20, 0x2c, 0x0, 0xe5, 0x2, 0xf2,
    0x0, 0xf, 0x40, 0xbb, 0x0, 0xe5, 0x2, 0xf2,
    0x0, 0xd, 0x65, 0xf2, 0x0, 0xe5, 0x2, 0xf2,
    0x0, 0xb, 0xbf, 0x60, 0x0, 0xe5, 0x2, 0xf2,
    0x0, 0x8, 0xf9, 0x0, 0x0, 0xe5, 0x2, 0xf2,
    0x0, 0x5f, 0xf1, 0x0, 0xc1, 0xe5, 0x2, 0xf2,
    0x1a, 0xf9, 0xf5, 0x2, 0xf0, 0x0, 0x2, 0xf2,
    0x8e, 0x50, 0x9d, 0x5, 0xc0, 0x0, 0x2, 0xf1,
    0x1, 0x0, 0x1e, 0xcd, 0x80, 0x38, 0x8c, 0xf0,
    0x0, 0x0, 0x4, 0xec, 0x10, 0x2d, 0xcc, 0x60,

    /* U+52A0 "加" */
    0x0, 0x2, 0x30, 0x0, 0x0, 0x0, 0x0, 0x0,
    0x0, 0x0, 0x7d, 0x0, 0x0, 0x0, 0x0, 0x0,
    0x0, 0x0, 0x8, 0xd0, 0x0, 0x0, 0x1, 0x11,
    0x11, 0x0, 0x1, 0x8d, 0x11, 0x10, 0xe, 0xff,
    0xff, 0xf1, 0xc, 0xff, 0xff, 0xff, 0x90, 0xe9,
    0x44, 0x7f, 0x10, 0x34, 0xbd, 0x44, 0xd8, 0xe,
    0x60, 0x3, 0xf1, 0x0, 0x9, 0xb0, 0xd, 0x80,
    0xe6, 0x0, 0x3f, 0x10, 0x0, 0xaa, 0x0, 0xd7,
    0xe, 0x60, 0x3, 0xf1, 0x0, 0xb, 0x90, 0xd,
    0x70, 0xe6, 0x0, 0x3f, 0x10, 0x0, 0xc8, 0x0,
    0xe7, 0xe, 0x60, 0x3, 0xf1, 0x0, 0xf, 0x60,
    0xe, 0x60, 0xe6, 0x0, 0x3f, 0x10, 0x2, 0xf3,
    0x0, 0xe6, 0xe, 0x60, 0x3, 0xf1, 0x0, 0x6f,
    0x0, 0xf, 0x60, 0xe6, 0x0, 0x3f, 0x10, 0xb,
    0xb0, 0x0, 0xf5, 0xe, 0x60, 0x3, 0xf1, 0x2,
    0xf6, 0x0, 0xf, 0x50, 0xef, 0xff, 0xff, 0x10,
    0xaf, 0x5, 0x6a, 0xf3, 0xe, 0xa6, 0x68, 0xf1,
    0x1f, 0x70, 0xaf, 0xfa, 0x0, 0xe6, 0x0, 0x3f,
    0x10, 0x40, 0x0, 0x0, 0x0, 0x3, 0x10, 0x0,
    0x30,

    /* U+5339 "匹" */
    0x0, 0x0, 0x0, 0x0, 0x0, 0x0, 0x0, 0x0,
    0x7f, 0xff, 0xff, 0xff, 0xff, 0xff, 0xff, 0xd0,
    0x7f, 0x55, 0x5f, 0xa5, 0x5f, 0x95, 0x55, 0x40,
    0x7e, 0x0, 0xe, 0x60, 0xe, 0x60, 0x0, 0x0,
    0x7e, 0x0, 0xe, 0x60, 0xe, 0x60, 0x0, 0x0,
    0x7e, 0x0, 0xe, 0x60, 0xe, 0x60, 0x0, 0x0,
    0x7e, 0x0, 0xf, 0x60, 0xe, 0x60, 0x4, 0x10,
    0x7e, 0x0, 0x1f, 0x40, 0xe, 0x60, 0xe, 0x50,
    0x7e, 0x0, 0x4f, 0x10, 0xe, 0x60, 0xe, 0x40,
    0x7e, 0x0, 0xcb, 0x0, 0xe, 0x91, 0x3f, 0x30,
    0x7e, 0xb, 0xf2, 0x0, 0xa, 0xff, 0xfe, 0x0,
    0x7e, 0x4e, 0x30, 0x0, 0x0, 0x34, 0x41, 0x0,
    0x7e, 0x1, 0x0, 0x0, 0x0, 0x0, 0x0, 0x0,
    0x7e, 0x0, 0x0, 0x0, 0x0, 0x0, 0x0, 0x0,
    0x7f, 0xff, 0xff, 0xff, 0xff, 0xff, 0xff, 0xf0,
    0x26, 0x66, 0x66, 0x66, 0x66, 0x66, 0x66, 0x60,

    /* U+5348 "午" */
    0x0, 0x0, 0x62, 0x0, 0x0, 0x0, 0x0, 0x0,
    0x0, 0x1, 0xf8, 0x0, 0x0, 0x0, 0x0, 0x0,
    0x0, 0x8, 0xf1, 0x0, 0x0, 0x0, 0x0, 0x0,
    0x0, 0x1f, 0xff, 0xff, 0xff, 0xff, 0xff, 0xe0,
    0x0, 0x9f, 0x76, 0x69, 0xf8, 0x66, 0x66, 0x60,
    0x3, 0xf9, 0x0, 0x5, 0xf2, 0x0, 0x0, 0x0,
    0xd, 0xe1, 0x0, 0x5, 0xf2, 0x0, 0x0, 0x0,
    0x6, 0x50, 0x0, 0x5, 0xf2, 0x0, 0x0, 0x0,
    0x0, 0x0, 0x0, 0x5, 0xf2, 0x0, 0x0, 0x0,
    0xbf, 0xff, 0xff, 0xff, 0xff, 0xff, 0xff, 0xfe,
    0x46, 0x66, 0x66, 0x69, 0xf8, 0x66, 0x66, 0x66,
    0x0, 0x0, 0x0, 0x5, 0xf2, 0x0, 0x0, 0x0,
    0x0, 0x0, 0x0, 0x5, 0xf2, 0x0, 0x0, 0x0,
    0x0, 0x0, 0x0, 0x5, 0xf2, 0x0, 0x0, 0x0,
    0x0, 0x0, 0x0, 0x5, 0xf2, 0x0, 0x0, 0x0,
    0x0, 0x0, 0x0, 0x5, 0xf2, 0x0, 0x0, 0x0,
    0x0, 0x0, 0x0, 0x5, 0xf2, 0x0, 0x0, 0x0,

    /* U+53BB "去" */
    0x0, 0x0, 0x0, 0x4, 0x30, 0x0, 0x0, 0x0,
    0x0, 0x0, 0x0, 0xc, 0x90, 0x0, 0x0, 0x0,
    0x0, 0x0, 0x0, 0xc, 0x90, 0x0, 0x0, 0x0,
    0x4, 0x66, 0x66, 0x6e, 0xc6, 0x66, 0x66, 0x30,
    0xb, 0xff, 0xff, 0xff, 0xff, 0xff, 0xff, 0x70,
    0x0, 0x0, 0x0, 0xc, 0x90, 0x0, 0x0, 0x0,
    0x0, 0x0, 0x0, 0xc, 0x90, 0x0, 0x0, 0x0,
    0x0, 0x0, 0x0, 0xc, 0x90, 0x0, 0x0, 0x0,
    0x56, 0x66, 0x66, 0x6d, 0xc6, 0x66, 0x66, 0x64,
    0xef, 0xff, 0xff, 0xff, 0xff, 0xff, 0xff, 0xfa,
    0x0, 0x0, 0x6, 0xf5, 0x0, 0x0, 0x0, 0x0,
    0x0, 0x0, 0x3f, 0x90, 0x1, 0xb2, 0x0, 0x0,
    0x0, 0x2, 0xeb, 0x0, 0x0, 0xcd, 0x10, 0x0,
    0x0, 0x2e, 0xd0, 0x0, 0x0, 0x1d, 0xc0, 0x0,
    0x2, 0xed, 0x11, 0x12, 0x34, 0x48, 0xfa, 0x0,
    0xa, 0xff, 0xff, 0xff, 0xff, 0xff, 0xef, 0x70,
    0x3, 0x66, 0x54, 0x32, 0x21, 0x0, 0x8, 0xb0,
    0x0, 0x0, 0x0, 0x0, 0x0, 0x0, 0x0, 0x0,

    /* U+53CB "友" */
    0x0, 0x0, 0x4, 0x30, 0x0, 0x0, 0x0, 0x0,
    0x0, 0x0, 0xe, 0x80, 0x0, 0x0, 0x0, 0x0,
    0x0, 0x0, 0xf, 0x70, 0x0, 0x0, 0x0, 0x0,
    0x8f, 0xff, 0xff, 0xff, 0xff, 0xff, 0xff, 0xfe,
    0x36, 0x66, 0x9f, 0x86, 0x66, 0x66, 0x66, 0x66,
    0x0, 0x0, 0x8f, 0x0, 0x0, 0x0, 0x0, 0x0,
    0x0, 0x0, 0xbd, 0x22, 0x22, 0x22, 0x22, 0x0,
    0x0, 0x0, 0xef, 0xff, 0xff, 0xff, 0xff, 0x20,
    0x0, 0x4, 0xfe, 0xc3, 0x33, 0x33, 0xae, 0x0,
    0x0, 0x9, 0xe4, 0xf3, 0x0, 0x2, 0xf8, 0x0,
    0x0, 0xe, 0x90, 0xbd, 0x0, 0xb, 0xe0, 0x0,
    0x0, 0x7f, 0x20, 0x2e, 0xb0, 0xaf, 0x40, 0x0,
    0x0, 0xea, 0x0, 0x4, 0xfd, 0xf6, 0x0, 0x0,
    0x9, 0xf2, 0x0, 0x3, 0xef, 0xe2, 0x0, 0x0,
    0x5f, 0x80, 0x2, 0xaf, 0xd5, 0xdf, 0x92, 0x0,
    0xcc, 0x5, 0xbf, 0xe6, 0x0, 0x7, 0xff, 0xb5,
    0x51, 0x1f, 0xd6, 0x0, 0x0, 0x0, 0x17, 0xeb,
    0x0, 0x2, 0x0, 0x0, 0x0, 0x0, 0x0, 0x1,

    /* U+540D "名" */
    0x0, 0x0, 0x0, 0x3, 0x0, 0x0, 0x0, 0x0,
    0x0, 0x0, 0xb, 0xe1, 0x0, 0x0, 0x0, 0x0,
    0x0, 0x9, 0xf9, 0x55, 0x55, 0x55, 0x20, 0x0,
    0x9, 0xff, 0xff, 0xff, 0xff, 0xf6, 0x0, 0xa,
    0xf7, 0x0, 0x0, 0x1, 0xdd, 0x10, 0x2c, 0xff,
    0xb1, 0x0, 0x2, 0xed, 0x10, 0xe, 0xe3, 0x3e,
    0xe2, 0x5, 0xec, 0x10, 0x0, 0x40, 0x0, 0x18,
    0x1b, 0xf9, 0x0, 0x0, 0x0, 0x0, 0x1, 0x8f,
    0xd4, 0x0, 0x0, 0x0, 0x0, 0x4a, 0xff, 0xb4,
    0x44, 0x44, 0x41, 0x49, 0xef, 0xff, 0xff, 0xff,
    0xff, 0xff, 0x79, 0xc7, 0x8e, 0x0, 0x0, 0x0,
    0x0, 0xe7, 0x0, 0x7, 0xe0, 0x0, 0x0, 0x0,
    0xe, 0x70, 0x0, 0x7e, 0x0, 0x0, 0x0, 0x0,
    0xe7, 0x0, 0x7, 0xe1, 0x11, 0x11, 0x11, 0x1e,
    0x70, 0x0, 0x7f, 0xff, 0xff, 0xff, 0xff, 0xf7,
    0x0, 0x7, 0xe1, 0x11, 0x11, 0x11, 0x1e, 0x70,

    /* U+5468 "周" */
    0x0, 0x14, 0x44, 0x44, 0x44, 0x44, 0x44, 0x44,
    0x0, 0x4f, 0xff, 0xff, 0xff, 0xff, 0xff, 0xfe,
    0x0, 0x4f, 0x10, 0x0, 0x36, 0x0, 0x0, 0x6e,
    0x0, 0x4f, 0x11, 0x22, 0x8c, 0x22, 0x20, 0x6e,
    0x0, 0x4f, 0x1b, 0xff, 0xff, 0xff, 0xf1, 0x6e,
    0x0, 0x4f, 0x10, 0x0, 0x7c, 0x0, 0x0, 0x6e,
    0x0, 0x4f, 0x13, 0x33, 0x9d, 0x33, 0x32, 0x6e,
    0x0, 0x4f, 0x5f, 0xff, 0xff, 0xff, 0xfb, 0x6e,
    0x0, 0x4f, 0x0, 0x0, 0x0, 0x0, 0x0, 0x6e,
    0x0, 0x5f, 0x2, 0xee, 0xee, 0xee, 0x60, 0x6e,
    0x0, 0x6f, 0x2, 0xf5, 0x44, 0x4d, 0x70, 0x6e,
    0x0, 0x8d, 0x2, 0xf1, 0x0, 0xb, 0x70, 0x6e,
    0x0, 0xbb, 0x2, 0xf4, 0x33, 0x3c, 0x70, 0x6e,
    0x1, 0xf7, 0x2, 0xff, 0xff, 0xff, 0x70, 0x6e,
    0x7, 0xf1, 0x0, 0x0, 0x0, 0x3, 0x55, 0xcd,
    0xc, 0x90, 0x0, 0x0, 0x0, 0xa, 0xff, 0xe6,
    0x0, 0x0, 0x0, 0x0, 0x0, 0x0, 0x0, 0x0,

    /* U+56DE "回" */
    0x55, 0x55, 0x55, 0x55, 0x55, 0x55, 0x54, 0xff,
    0xff, 0xff, 0xff, 0xff, 0xff, 0xfe, 0xf6, 0x11,
    0x11, 0x11, 0x11, 0x11, 0x7e, 0xf5, 0x0, 0x0,
    0x0, 0x0, 0x0, 0x7e, 0xf5, 0x1, 0x44, 0x44,
    0x44, 0x0, 0x7e, 0xf5, 0x4, 0xff, 0xff, 0xff,
    0x30, 0x7e, 0xf5, 0x4, 0xe0, 0x0, 0xf, 0x30,
    0x7e, 0xf5, 0x4, 0xe0, 0x0, 0xf, 0x30, 0x7e,
    0xf5, 0x4, 0xe0, 0x0, 0xf, 0x30, 0x7e, 0xf5,
    0x4, 0xe3, 0x33, 0x3f, 0x30, 0x7e, 0xf5, 0x4,
    0xff, 0xff, 0xff, 0x30, 0x7e, 0xf5, 0x0, 0x11,
    0x11, 0x11, 0x0, 0x7e, 0xf5, 0x0, 0x0, 0x0,
    0x0, 0x0, 0x7e, 0xf9, 0x66, 0x66, 0x66, 0x66,
    0x66, 0xae, 0xff, 0xff, 0xff, 0xff, 0xff, 0xff,
    0xfe, 0xf5, 0x0, 0x0, 0x0, 0x0, 0x0, 0x7e,

    /* U+56E2 "团" */
    0x6, 0x66, 0x66, 0x66, 0x66, 0x66, 0x66, 0x60,
    0xf, 0xff, 0xff, 0xff, 0xff, 0xff, 0xff, 0xf0,
    0xf, 0x50, 0x0, 0x0, 0x2, 0x60, 0x5, 0xf0,
    0xf, 0x50, 0x0, 0x0, 0x6, 0xe0, 0x5, 0xf0,
    0xf, 0x54, 0x55, 0x55, 0x59, 0xf5, 0x55, 0xf0,
    0xf, 0x5b, 0xff, 0xff, 0xff, 0xff, 0xe5, 0xf0,
    0xf, 0x50, 0x0, 0x0, 0xcf, 0xe0, 0x5, 0xf0,
    0xf, 0x50, 0x0, 0xa, 0xd7, 0xe0, 0x5, 0xf0,
    0xf, 0x50, 0x0, 0xae, 0x26, 0xe0, 0x5, 0xf0,
    0xf, 0x50, 0x1c, 0xe3, 0x6, 0xe0, 0x5, 0xf0,
    0xf, 0x56, 0xfc, 0x10, 0x6, 0xe0, 0x5, 0xf0,
    0xf, 0x59, 0x80, 0x13, 0x3a, 0xe0, 0x5, 0xf0,
    0xf, 0x50, 0x0, 0x3f, 0xff, 0x60, 0x5, 0xf0,
    0xf, 0x61, 0x11, 0x11, 0x11, 0x11, 0x15, 0xf0,
    0xf, 0xff, 0xff, 0xff, 0xff, 0xff, 0xff, 0xf0,
    0xf, 0x84, 0x44, 0x44, 0x44, 0x44, 0x47, 0xf0,

    /* U+56F4 "围" */
    0x45, 0x55, 0x55, 0x55, 0x55, 0x55, 0x55, 0xff,
    0xff, 0xff, 0xff, 0xff, 0xff, 0xff, 0xf6, 0x0,
    0x2, 0xa0, 0x0, 0x0, 0x5f, 0xf6, 0x11, 0x15,
    0xf2, 0x11, 0x11, 0x5f, 0xf6, 0xaf, 0xff, 0xff,
    0xff, 0xf9, 0x5f, 0xf6, 0x0, 0x3, 0xf1, 0x0,
    0x0, 0x5f, 0xf6, 0x2f, 0xff, 0xff, 0xff, 0xf2,
    0x5f, 0xf6, 0x1, 0x14, 0xf2, 0x11, 0x10, 0x5f,
    0xf6, 0x12, 0x25, 0xf2, 0x22, 0x20, 0x5f, 0xf6,
    0xcf, 0xff, 0xff, 0xff, 0xf6, 0x5f, 0xf6, 0x0,
    0x3, 0xf1, 0x0, 0xc5, 0x5f, 0xf6, 0x0, 0x3,
    0xf1, 0x12, 0xe3, 0x5f, 0xf6, 0x0, 0x3, 0xf1,
    0xee, 0xb0, 0x5f, 0xf6, 0x0, 0x2, 0xa0, 0x0,
    0x0, 0x5f, 0xff, 0xff, 0xff, 0xff, 0xff, 0xff,
    0xff, 0xf9, 0x44, 0x44, 0x44, 0x44, 0x44, 0x8f,

    /* U+5730 "地" */
    0x0, 0x0, 0x0, 0x0, 0x0, 0x0, 0x0, 0x0,
    0x0, 0x0, 0xa3, 0x0, 0x0, 0x4, 0xf0, 0x0,
    0x0, 0x0, 0xe, 0x50, 0x6, 0x20, 0x4f, 0x0,
    0x0, 0x0, 0x0, 0xe5, 0x0, 0xe5, 0x4, 0xf0,
    0x0, 0x0, 0x0, 0xe, 0x50, 0xe, 0x50, 0x4f,
    0x1, 0x7c, 0x0, 0x45, 0xf9, 0x50, 0xe5, 0x5,
    0xfc, 0xff, 0xf0, 0xc, 0xff, 0xfd, 0xe, 0xbc,
    0xff, 0x94, 0x5f, 0x0, 0x0, 0xe5, 0x4c, 0xfe,
    0x97, 0xf0, 0x5, 0xe0, 0x0, 0xe, 0x55, 0x9f,
    0x50, 0x4f, 0x0, 0x6e, 0x0, 0x0, 0xe5, 0x0,
    0xe5, 0x4, 0xf0, 0x6, 0xd0, 0x0, 0xe, 0x50,
    0xe, 0x50, 0x4f, 0x0, 0xac, 0x0, 0x0, 0xe5,
    0x0, 0xe5, 0x4, 0xf6, 0xff, 0x90, 0x0, 0xe,
    0x53, 0x2e, 0x50, 0x4f, 0x14, 0x33, 0x80, 0x3,
    0xff, 0xf6, 0xe5, 0x3, 0xd0, 0x0, 0x4f, 0xd,
    0xfd, 0x82, 0xe, 0x60, 0x0, 0x0, 0x5, 0xe0,
    0x73, 0x0, 0x0, 0xdb, 0x44, 0x44, 0x44, 0xcd,
    0x0, 0x0, 0x0, 0x5, 0xef, 0xff, 0xff, 0xfe,
    0x50,

    /* U+578B "型" */
    0x3, 0x33, 0x33, 0x33, 0x30, 0x0, 0x4, 0xe0,
    0x2f, 0xff, 0xff, 0xff, 0xf3, 0xa8, 0x4, 0xf0,
    0x1, 0x7d, 0x11, 0xb8, 0x10, 0xb9, 0x4, 0xf0,
    0x0, 0x7d, 0x0, 0xb8, 0x0, 0xb9, 0x4, 0xf0,
    0x24, 0x9d, 0x44, 0xca, 0x42, 0xb9, 0x4, 0xf0,
    0x9f, 0xff, 0xff, 0xff, 0xf9, 0xb9, 0x4, 0xf0,
    0x0, 0xaa, 0x0, 0xb8, 0x0, 0xb9, 0x4, 0xf0,
    0x1, 0xf5, 0x0, 0xb8, 0x0, 0x0, 0x7, 0xf0,
    0xb, 0xd0, 0x0, 0xb8, 0x0, 0xd, 0xff, 0xb0,
    0x4f, 0x30, 0x0, 0x10, 0x0, 0x3, 0x43, 0x0,
    0x1, 0x11, 0x11, 0x1a, 0xc1, 0x11, 0x11, 0x0,
    0x1, 0xff, 0xff, 0xff, 0xff, 0xff, 0xff, 0x40,
    0x0, 0x22, 0x22, 0x2a, 0xc2, 0x22, 0x22, 0x0,
    0x0, 0x0, 0x0, 0x9, 0xc0, 0x0, 0x0, 0x0,
    0x23, 0x33, 0x33, 0x3a, 0xd3, 0x33, 0x33, 0x33,
    0xdf, 0xff, 0xff, 0xff, 0xff, 0xff, 0xff, 0xfe,

    /* U+5988 "妈" */
    0x0, 0x4, 0x20, 0x0, 0x0, 0x0, 0x0, 0x0,
    0x0, 0x0, 0xd6, 0x0, 0x7, 0x77, 0x77, 0x77,
    0x0, 0x0, 0xf, 0x40, 0x0, 0xee, 0xee, 0xee,
    0xf1, 0x0, 0x0, 0xf2, 0x0, 0x0, 0x40, 0x0,
    0x6f, 0x0, 0xc, 0xff, 0xff, 0xf1, 0x2f, 0x20,
    0x7, 0xe0, 0x0, 0x49, 0xe5, 0x7f, 0x3, 0xf0,
    0x0, 0x9d, 0x0, 0x0, 0x7b, 0x4, 0xf0, 0x5f,
    0x0, 0xa, 0xb0, 0x0, 0xa, 0x80, 0x6d, 0x6,
    0xd0, 0x0, 0xba, 0x0, 0x0, 0xd5, 0x8, 0xb0,
    0x7d, 0x55, 0x5e, 0xb5, 0x10, 0xf, 0x20, 0xb8,
    0x8, 0xff, 0xff, 0xff, 0xf4, 0x3, 0xf1, 0xf,
    0x40, 0x0, 0x0, 0x0, 0x1f, 0x30, 0x1c, 0xe8,
    0xf0, 0x0, 0x0, 0x0, 0x2, 0xf2, 0x0, 0xa,
    0xfa, 0xb, 0xff, 0xff, 0xfd, 0x3f, 0x10, 0x0,
    0x7f, 0xf5, 0x34, 0x44, 0x44, 0x34, 0xf1, 0x0,
    0x4f, 0x79, 0xf6, 0x0, 0x0, 0x0, 0x6f, 0x0,
    0x3f, 0xa0, 0xa, 0x70, 0x1, 0x55, 0x6e, 0xd0,
    0xb, 0xb0, 0x0, 0x0, 0x0, 0x3f, 0xff, 0xd4,
    0x0, 0x0, 0x0, 0x0, 0x0, 0x0, 0x0, 0x0,
    0x0,

    /* U+59CB "始" */
    0x0, 0x2, 0x0, 0x0, 0x0, 0x2, 0x0, 0x0,
    0x0, 0x0, 0xf4, 0x0, 0x0, 0x6, 0xf2, 0x0,
    0x0, 0x0, 0x1f, 0x30, 0x0, 0x0, 0xea, 0x1,
    0x0, 0x0, 0x2, 0xf1, 0x0, 0x0, 0x7f, 0x10,
    0xd9, 0x0, 0xd, 0xff, 0xff, 0xf1, 0x1f, 0x70,
    0x4, 0xf2, 0x0, 0x3a, 0xd4, 0x7f, 0xc, 0xc0,
    0x0, 0xb, 0xb0, 0x0, 0x9a, 0x5, 0xe6, 0xfd,
    0xde, 0xff, 0xff, 0x40, 0xc, 0x80, 0x7c, 0x28,
    0x76, 0x54, 0x32, 0xac, 0x0, 0xf5, 0x9, 0xa0,
    0x0, 0x0, 0x0, 0x1, 0x10, 0x2f, 0x10, 0xc7,
    0x3, 0x33, 0x33, 0x33, 0x30, 0x6, 0xf1, 0x1f,
    0x30, 0xef, 0xff, 0xff, 0xfe, 0x0, 0x2d, 0xe8,
    0xe0, 0xe, 0x60, 0x0, 0x6, 0xe0, 0x0, 0x1b,
    0xf9, 0x0, 0xe6, 0x0, 0x0, 0x6e, 0x0, 0x0,
    0x7f, 0xf3, 0xe, 0x60, 0x0, 0x6, 0xe0, 0x0,
    0x5f, 0x5a, 0xf3, 0xe6, 0x11, 0x11, 0x7e, 0x0,
    0x4f, 0x60, 0x9, 0x2e, 0xff, 0xff, 0xff, 0xe0,
    0xa, 0x60, 0x0, 0x0, 0xe7, 0x33, 0x33, 0x8e,
    0x0, 0x0, 0x0, 0x0, 0x0, 0x0, 0x0, 0x0,
    0x0,

    /* U+5B8C "完" */
    0x0, 0x0, 0x0, 0x4, 0x0, 0x0, 0x0, 0x0,
    0x0, 0x0, 0x0, 0x2f, 0x60, 0x0, 0x0, 0x0,
    0x13, 0x33, 0x33, 0x3e, 0xc3, 0x33, 0x33, 0x30,
    0x7f, 0xff, 0xff, 0xff, 0xff, 0xff, 0xff, 0xf0,
    0x7e, 0x0, 0x0, 0x0, 0x0, 0x0, 0x6, 0xf0,
    0x6c, 0x0, 0x0, 0x0, 0x0, 0x0, 0x5, 0xd0,
    0x0, 0x7e, 0xee, 0xee, 0xee, 0xee, 0xe0, 0x0,
    0x0, 0x25, 0x55, 0x55, 0x55, 0x55, 0x50, 0x0,
    0x0, 0x0, 0x0, 0x0, 0x0, 0x0, 0x0, 0x0,
    0x12, 0x22, 0x22, 0x22, 0x22, 0x22, 0x22, 0x20,
    0xdf, 0xff, 0xff, 0xff, 0xff, 0xff, 0xff, 0xf6,
    0x12, 0x22, 0x8e, 0x22, 0x2f, 0x62, 0x22, 0x20,
    0x0, 0x0, 0x9c, 0x0, 0xf, 0x50, 0x0, 0x41,
    0x0, 0x0, 0xe9, 0x0, 0xf, 0x50, 0x0, 0xf5,
    0x0, 0xa, 0xf2, 0x0, 0xf, 0x50, 0x0, 0xf4,
    0x5, 0xdf, 0x50, 0x0, 0xe, 0xb4, 0x47, 0xf2,
    0xaf, 0xb2, 0x0, 0x0, 0x6, 0xef, 0xff, 0x90,
    0x22, 0x0, 0x0, 0x0, 0x0, 0x0, 0x0, 0x0,

    /* U+5C0F "小" */
    0x0, 0x0, 0x0, 0x0, 0x7b, 0x0, 0x0, 0x0,
    0x0, 0x0, 0x0, 0x0, 0x0, 0x9e, 0x0, 0x0,
    0x0, 0x0, 0x0, 0x0, 0x0, 0x0, 0x9e, 0x0,
    0x0, 0x0, 0x0, 0x0, 0x0, 0x52, 0x0, 0x9e,
    0x0, 0x62, 0x0, 0x0, 0x0, 0x0, 0xf8, 0x0,
    0x9e, 0x0, 0xea, 0x0, 0x0, 0x0, 0x4, 0xf3,
    0x0, 0x9e, 0x0, 0x7f, 0x20, 0x0, 0x0, 0x9,
    0xe0, 0x0, 0x9e, 0x0, 0x1f, 0x80, 0x0, 0x0,
    0xe, 0x90, 0x0, 0x9e, 0x0, 0xa, 0xe0, 0x0,
    0x0, 0x4f, 0x40, 0x0, 0x9e, 0x0, 0x4, 0xf6,
    0x0, 0x0, 0xae, 0x0, 0x0, 0x9e, 0x0, 0x0,
    0xdc, 0x0, 0x1, 0xf8, 0x0, 0x0, 0x9e, 0x0,
    0x0, 0x7f, 0x30, 0x8, 0xf2, 0x0, 0x0, 0x9e,
    0x0, 0x0, 0x1f, 0x90, 0xd, 0xa0, 0x0, 0x0,
    0x9e, 0x0, 0x0, 0xb, 0xe0, 0x0, 0x10, 0x0,
    0x0, 0xae, 0x0, 0x0, 0x2, 0x10, 0x0, 0x0,
    0x17, 0x78, 0xfc, 0x0, 0x0, 0x0, 0x0, 0x0,
    0x0, 0x1f, 0xff, 0xd4, 0x0, 0x0, 0x0, 0x0,

    /* U+5C31 "就" */
    0x0, 0x0, 0x33, 0x0, 0x0, 0x14, 0x0, 0x0,
    0x0, 0x0, 0xa, 0xa0, 0x0, 0x4, 0xf0, 0x84,
    0x0, 0x3, 0x33, 0x8f, 0x33, 0x30, 0x4e, 0x6,
    0xf4, 0x0, 0xef, 0xff, 0xff, 0xff, 0x24, 0xe0,
    0x6, 0xf1, 0x0, 0x0, 0x0, 0x0, 0x0, 0x4e,
    0x0, 0x3, 0x0, 0x2, 0x22, 0x22, 0x21, 0xde,
    0xfd, 0xdd, 0xdc, 0x0, 0xff, 0xff, 0xff, 0x47,
    0xae, 0x77, 0x77, 0x60, 0xf, 0x30, 0x0, 0xf4,
    0x6, 0xd3, 0xa0, 0x0, 0x0, 0xf3, 0x0, 0xf,
    0x40, 0x7c, 0x4e, 0x0, 0x0, 0xf, 0xff, 0xff,
    0xf4, 0x9, 0xa4, 0xe0, 0x0, 0x0, 0x12, 0x6e,
    0x22, 0x0, 0xb8, 0x4e, 0x0, 0x0, 0x9, 0x45,
    0xe3, 0xd0, 0xe, 0x54, 0xe0, 0x0, 0x1, 0xf3,
    0x5e, 0xd, 0x63, 0xf1, 0x4e, 0x1, 0xe0, 0x8d,
    0x5, 0xe0, 0x6a, 0xac, 0x4, 0xe0, 0x2e, 0xe,
    0x60, 0x5e, 0x0, 0x2f, 0x50, 0x4e, 0x2, 0xd0,
    0x82, 0x4a, 0xd0, 0xc, 0xc0, 0x3, 0xf8, 0xac,
    0x0, 0x6f, 0xf7, 0x2, 0xe3, 0x0, 0x9, 0xcb,
    0x40, 0x0, 0x0, 0x0, 0x0, 0x0, 0x0, 0x0,
    0x0,

    /* U+5EFA "建" */
    0x0, 0x0, 0x0, 0x0, 0x0, 0x20, 0x0, 0x0,
    0x0, 0x0, 0x0, 0x0, 0x0, 0xe, 0x40, 0x0,
    0x0, 0x9, 0xbb, 0xba, 0xa, 0xaa, 0xfb, 0xaa,
    0xa3, 0x0, 0x56, 0x6d, 0xc0, 0x66, 0x6f, 0x96,
    0x6f, 0x50, 0x0, 0x6, 0xf2, 0x12, 0x22, 0xe6,
    0x22, 0xe7, 0x10, 0x3, 0xf4, 0xb, 0xff, 0xff,
    0xff, 0xff, 0xfb, 0x1, 0xd8, 0x0, 0x0, 0x0,
    0xe4, 0x0, 0xe5, 0x0, 0x8f, 0xbb, 0x90, 0x99,
    0x9f, 0xb9, 0x9f, 0x50, 0x3, 0x77, 0xac, 0x7,
    0x77, 0xfa, 0x77, 0x72, 0x0, 0x42, 0x9, 0xa0,
    0x11, 0x1e, 0x51, 0x11, 0x10, 0x8, 0x90, 0xc7,
    0x3f, 0xff, 0xff, 0xff, 0xfb, 0x0, 0x2f, 0x2f,
    0x30, 0x0, 0xe, 0x40, 0x0, 0x0, 0x0, 0xbd,
    0xd0, 0x99, 0x99, 0xfb, 0x99, 0x99, 0x30, 0x3,
    0xf8, 0x8, 0x88, 0x8f, 0xa8, 0x88, 0x82, 0x0,
    0x8f, 0xf5, 0x0, 0x0, 0xe4, 0x0, 0x0, 0x0,
    0x3f, 0x56, 0xfc, 0x74, 0x33, 0x33, 0x33, 0x32,
    0xe, 0xa0, 0x2, 0x9c, 0xef, 0xff, 0xff, 0xff,
    0xa0, 0x40, 0x0, 0x0, 0x0, 0x0, 0x0, 0x0,
    0x0,

    /* U+5F00 "开" */
    0x0, 0x0, 0x0, 0x0, 0x0, 0x0, 0x0, 0x0,
    0x0, 0x4f, 0xff, 0xff, 0xff, 0xff, 0xff, 0xff,
    0xf3, 0x1, 0x55, 0x5d, 0xc5, 0x55, 0x59, 0xf5,
    0x55, 0x10, 0x0, 0x0, 0xca, 0x0, 0x0, 0x6f,
    0x10, 0x0, 0x0, 0x0, 0xc, 0xa0, 0x0, 0x6,
    0xf1, 0x0, 0x0, 0x0, 0x0, 0xca, 0x0, 0x0,
    0x6f, 0x10, 0x0, 0x0, 0x0, 0xc, 0xa0, 0x0,
    0x6, 0xf1, 0x0, 0x0, 0xff, 0xff, 0xff, 0xff,
    0xff, 0xff, 0xff, 0xff, 0x6, 0x66, 0x6e, 0xc6,
    0x66, 0x6a, 0xf7, 0x66, 0x60, 0x0, 0x0, 0xe8,
    0x0, 0x0, 0x6f, 0x10, 0x0, 0x0, 0x0, 0x1f,
    0x50, 0x0, 0x6, 0xf1, 0x0, 0x0, 0x0, 0x5,
    0xf2, 0x0, 0x0, 0x6f, 0x10, 0x0, 0x0, 0x0,
    0xdb, 0x0, 0x0, 0x6, 0xf1, 0x0, 0x0, 0x0,
    0xaf, 0x20, 0x0, 0x0, 0x6f, 0x10, 0x0, 0x0,
    0xaf, 0x60, 0x0, 0x0, 0x6, 0xf1, 0x0, 0x0,
    0x2e, 0x60, 0x0, 0x0, 0x0, 0x6f, 0x10, 0x0,
    0x0, 0x0, 0x0, 0x0, 0x0, 0x0, 0x0, 0x0,
    0x0,

    /* U+5F15 "引" */
    0x0, 0x0, 0x0, 0x0, 0x0, 0x0, 0x20, 0x45,
    0x55, 0x55, 0x55, 0x0, 0x3, 0xf3, 0xdf, 0xff,
    0xff, 0xff, 0x0, 0x3, 0xf3, 0x0, 0x0, 0x0,
    0x6f, 0x0, 0x3, 0xf3, 0x0, 0x0, 0x0, 0x6f,
    0x0, 0x3, 0xf3, 0x25, 0x55, 0x55, 0x9f, 0x0,
    0x3, 0xf3, 0x7f, 0xff, 0xff, 0xff, 0x0, 0x3,
    0xf3, 0x8e, 0x0, 0x0, 0x0, 0x0, 0x3, 0xf3,
    0xac, 0x0, 0x0, 0x0, 0x0, 0x3, 0xf3, 0xbd,
    0x55, 0x55, 0x55, 0x0, 0x3, 0xf3, 0xcf, 0xff,
    0xff, 0xff, 0x0, 0x3, 0xf3, 0x0, 0x0, 0x0,
    0x7e, 0x0, 0x3, 0xf3, 0x0, 0x0, 0x0, 0x8d,
    0x0, 0x3, 0xf3, 0x0, 0x0, 0x0, 0x9d, 0x0,
    0x3, 0xf3, 0x0, 0x0, 0x0, 0xbb, 0x0, 0x3,
    0xf3, 0x4, 0x55, 0x57, 0xf9, 0x0, 0x3, 0xf3,
    0xb, 0xff, 0xff, 0xb2, 0x0, 0x3, 0xf3,

    /* U+5F97 "得" */
    0x0, 0x0, 0x0, 0x0, 0x0, 0x0, 0x0, 0x0,
    0x0, 0x0, 0x7, 0x90, 0x23, 0x33, 0x33, 0x33,
    0x10, 0x0, 0x4, 0xf6, 0xd, 0xee, 0xee, 0xee,
    0xf9, 0x0, 0x4, 0xf8, 0x0, 0xd7, 0x0, 0x0,
    0xb, 0x90, 0x6, 0xf8, 0x0, 0xd, 0xff, 0xff,
    0xff, 0xf9, 0x0, 0xa6, 0x4, 0x80, 0xd8, 0x11,
    0x11, 0x1b, 0x90, 0x0, 0x0, 0xd9, 0xd, 0xed,
    0xdd, 0xdd, 0xf9, 0x0, 0x0, 0x8e, 0x10, 0x34,
    0x44, 0x44, 0x44, 0x20, 0x0, 0x4f, 0x60, 0x12,
    0x22, 0x22, 0x22, 0x22, 0x10, 0x1e, 0xf6, 0xb,
    0xff, 0xff, 0xff, 0xff, 0xf9, 0xd, 0xce, 0x60,
    0x0, 0x0, 0x0, 0x8, 0xc0, 0x0, 0xc1, 0xe6,
    0x15, 0x55, 0x55, 0x55, 0xad, 0x54, 0x0, 0xe,
    0x63, 0xdd, 0xdd, 0xdd, 0xde, 0xfd, 0xc0, 0x0,
    0xe6, 0x0, 0x8a, 0x0, 0x0, 0x8c, 0x0, 0x0,
    0xe, 0x60, 0x1, 0xdc, 0x0, 0x8, 0xc0, 0x0,
    0x0, 0xe6, 0x0, 0x1, 0x62, 0x56, 0xdb, 0x0,
    0x0, 0xe, 0x60, 0x0, 0x0, 0x3f, 0xfe, 0x40,
    0x0,

    /* U+5FAE "微" */
    0x0, 0x0, 0x0, 0x1, 0x30, 0x0, 0x2, 0x0,
    0x0, 0x0, 0x3, 0xc0, 0x5, 0xb0, 0x0, 0x1f,
    0x20, 0x0, 0x0, 0xc, 0xa8, 0x65, 0xb1, 0xe0,
    0x4d, 0x0, 0x0, 0x0, 0x8e, 0x19, 0x75, 0xb1,
    0xf0, 0x9a, 0x22, 0x20, 0x4, 0xf5, 0x9, 0x75,
    0xb1, 0xf0, 0xef, 0xff, 0xe0, 0xc, 0x81, 0x79,
    0xff, 0xff, 0xf4, 0xf0, 0xe, 0x20, 0x1, 0x9,
    0xb1, 0x33, 0x33, 0x3b, 0xf2, 0xf, 0x10, 0x0,
    0x2f, 0x31, 0x22, 0x22, 0x2e, 0xd4, 0x2f, 0x0,
    0x0, 0xbe, 0x9, 0xff, 0xff, 0xe2, 0xa6, 0x4d,
    0x0, 0x5, 0xfe, 0x0, 0x0, 0x0, 0x0, 0x7a,
    0x8a, 0x0, 0x1f, 0xae, 0x0, 0x33, 0x33, 0x0,
    0x3e, 0xc6, 0x0, 0x9, 0x4e, 0x2, 0xff, 0xff,
    0x20, 0xf, 0xf2, 0x0, 0x0, 0x4e, 0x2, 0xf0,
    0xf, 0x20, 0xb, 0xd0, 0x0, 0x0, 0x4e, 0x2,
    0xf0, 0xf, 0x8a, 0x3f, 0xf4, 0x0, 0x0, 0x4e,
    0x7, 0xc0, 0x1f, 0xd3, 0xd9, 0x8e, 0x10, 0x0,
    0x4e, 0x2e, 0x60, 0x8, 0x1d, 0xc0, 0xd, 0xc0,
    0x0, 0x4e, 0x39, 0x0, 0x0, 0x4c, 0x10, 0x2,
    0xb0, 0x0, 0x0, 0x0, 0x0, 0x0, 0x0, 0x0,
    0x0, 0x0,

    /* U+5FEB "快" */
    0x0, 0x25, 0x0, 0x0, 0x4, 0x30, 0x0, 0x0,
    0x0, 0x6, 0xe0, 0x0, 0x0, 0xc9, 0x0, 0x0,
    0x0, 0x0, 0x6e, 0x0, 0x0, 0xc, 0x90, 0x0,
    0x0, 0x0, 0x46, 0xf0, 0x4, 0x55, 0xdb, 0x55,
    0x53, 0x0, 0x1f, 0x7f, 0xc1, 0xdf, 0xff, 0xff,
    0xff, 0x90, 0x3, 0xf6, 0xfc, 0xd0, 0x0, 0xc9,
    0x0, 0xc9, 0x0, 0x5d, 0x6e, 0x18, 0x0, 0xc,
    0x90, 0xc, 0x90, 0x7, 0xb6, 0xe0, 0x0, 0x0,
    0xc9, 0x0, 0xc9, 0x0, 0xa9, 0x6e, 0x0, 0x0,
    0xc, 0x80, 0xc, 0x90, 0xc, 0x66, 0xe0, 0xbf,
    0xff, 0xff, 0xff, 0xff, 0xf1, 0x31, 0x6e, 0x4,
    0x55, 0x6f, 0xf5, 0x55, 0x55, 0x0, 0x6, 0xe0,
    0x0, 0x5, 0xff, 0x50, 0x0, 0x0, 0x0, 0x6e,
    0x0, 0x0, 0xcb, 0x9d, 0x10, 0x0, 0x0, 0x6,
    0xe0, 0x0, 0x8f, 0x31, 0xeb, 0x0, 0x0, 0x0,
    0x6e, 0x0, 0x9f, 0x60, 0x2, 0xfd, 0x20, 0x0,
    0x6, 0xe3, 0xcf, 0x50, 0x0, 0x2, 0xdf, 0x90,
    0x0, 0x6e, 0x6d, 0x30, 0x0, 0x0, 0x0, 0x8b,
    0x0, 0x0, 0x0, 0x0, 0x0, 0x0, 0x0, 0x0,
    0x0,

    /* U+6211 "我" */
    0x0, 0x0, 0x0, 0x0, 0x13, 0x0, 0x0, 0x0,
    0x0, 0x0, 0x2, 0x52, 0x5f, 0x2, 0x30, 0x0,
    0x39, 0xbd, 0xff, 0xf5, 0x4f, 0x18, 0xf3, 0x0,
    0x4a, 0x8b, 0xe2, 0x0, 0x3f, 0x10, 0x9f, 0x30,
    0x0, 0x7, 0xe0, 0x0, 0x2f, 0x20, 0xa, 0x90,
    0x0, 0x8, 0xe0, 0x0, 0x2f, 0x40, 0x0, 0x0,
    0xef, 0xff, 0xff, 0xff, 0xff, 0xff, 0xff, 0xfd,
    0x34, 0x49, 0xe4, 0x44, 0x4f, 0x84, 0x44, 0x43,
    0x0, 0x7, 0xe0, 0x0, 0xd, 0x70, 0x7, 0x80,
    0x0, 0x7, 0xe1, 0x58, 0xb, 0x90, 0x4f, 0x60,
    0x14, 0x7c, 0xff, 0xfd, 0x9, 0xc3, 0xe9, 0x0,
    0xdf, 0xee, 0xf4, 0x0, 0x6, 0xfe, 0xb0, 0x0,
    0x32, 0x7, 0xe0, 0x0, 0x7, 0xfb, 0x0, 0x46,
    0x0, 0x7, 0xe0, 0x1, 0xaf, 0xf8, 0x0, 0x9b,
    0x0, 0x7, 0xe0, 0x7f, 0xe5, 0x8f, 0x10, 0xd7,
    0x15, 0x5c, 0xd0, 0xb7, 0x0, 0x1e, 0xd9, 0xf2,
    0x3f, 0xfe, 0x50, 0x0, 0x0, 0x2, 0xcf, 0x80,

    /* U+6216 "或" */
    0x0, 0x0, 0x0, 0x0, 0x3, 0x10, 0x0, 0x0,
    0x0, 0x0, 0x0, 0x0, 0x0, 0xf5, 0xe, 0x40,
    0x0, 0x0, 0x0, 0x0, 0x0, 0xf, 0x60, 0xa9,
    0x0, 0x4, 0x66, 0x66, 0x66, 0x66, 0xfa, 0x6a,
    0xe6, 0x50, 0xaf, 0xff, 0xff, 0xff, 0xff, 0xff,
    0xff, 0xfe, 0x0, 0x0, 0x0, 0x0, 0x0, 0xc9,
    0x0, 0x0, 0x0, 0x2, 0x55, 0x55, 0x51, 0xb,
    0xb0, 0x9, 0x80, 0x0, 0x8f, 0xff, 0xff, 0x40,
    0x9c, 0x0, 0xe6, 0x0, 0x8, 0xc0, 0x0, 0xf4,
    0x8, 0xe0, 0x5f, 0x10, 0x0, 0x8c, 0x0, 0xf,
    0x40, 0x5f, 0xc, 0xa0, 0x0, 0x8, 0xc3, 0x33,
    0xf4, 0x3, 0xf8, 0xf2, 0x0, 0x0, 0x8f, 0xff,
    0xff, 0x40, 0xf, 0xf8, 0x0, 0x0, 0x0, 0x11,
    0x11, 0x10, 0x0, 0xde, 0x0, 0x4d, 0x0, 0x0,
    0x2, 0x47, 0x90, 0x8f, 0xf1, 0x7, 0xc0, 0x7b,
    0xdf, 0xff, 0xda, 0x8f, 0x7f, 0x70, 0xa9, 0x9,
    0xa7, 0x52, 0x0, 0xaf, 0x60, 0x8f, 0xaf, 0x50,
    0x0, 0x0, 0x0, 0xb, 0x50, 0x0, 0x9f, 0xa0,
    0x0, 0x0, 0x0, 0x0, 0x0, 0x0, 0x0, 0x0,
    0x0,

    /* U+627E "找" */
    0x0, 0x3, 0x60, 0x0, 0x8, 0x20, 0x0, 0x0,
    0x0, 0x0, 0x6d, 0x0, 0x0, 0xf5, 0x4d, 0x10,
    0x0, 0x0, 0x6, 0xd0, 0x0, 0xe, 0x60, 0xbd,
    0x10, 0x0, 0x0, 0x6d, 0x0, 0x0, 0xd7, 0x0,
    0xac, 0x0, 0xd, 0xff, 0xff, 0xf1, 0xc, 0x80,
    0x0, 0x44, 0x10, 0x45, 0x9e, 0x55, 0x35, 0xdd,
    0xce, 0xff, 0xf5, 0x0, 0x6, 0xd0, 0xf, 0xfe,
    0xe9, 0x64, 0x20, 0x0, 0x0, 0x6d, 0x0, 0x10,
    0x8d, 0x0, 0xb, 0x40, 0x0, 0x6, 0xe6, 0xb1,
    0x6, 0xf0, 0x8, 0xf2, 0x0, 0x48, 0xdf, 0xea,
    0x10, 0x3f, 0x26, 0xf5, 0x0, 0xf, 0xdc, 0xd0,
    0x0, 0x0, 0xfa, 0xf7, 0x0, 0x0, 0x10, 0x6d,
    0x0, 0x0, 0xe, 0xf7, 0x0, 0x0, 0x0, 0x6,
    0xd0, 0x0, 0x2d, 0xfe, 0x0, 0xb, 0x50, 0x0,
    0x6d, 0x1, 0x9f, 0xc5, 0xf4, 0x0, 0xe4, 0x0,
    0x6, 0xd0, 0xce, 0x70, 0xb, 0xc0, 0x2f, 0x10,
    0x68, 0xdc, 0x2, 0x10, 0x0, 0x2f, 0xcc, 0xc0,
    0x9, 0xdd, 0x50, 0x0, 0x0, 0x0, 0x4d, 0xe3,
    0x0,

    /* U+62A5 "报" */
    0x0, 0x2, 0x0, 0x0, 0x0, 0x0, 0x0, 0x0,
    0x0, 0x5e, 0x0, 0x14, 0x44, 0x44, 0x44, 0x40,
    0x0, 0x5e, 0x0, 0x6f, 0xff, 0xff, 0xff, 0xf0,
    0x0, 0x5e, 0x0, 0x6e, 0x0, 0x0, 0x5, 0xf0,
    0x6d, 0xef, 0xdc, 0x6e, 0x0, 0x0, 0x8, 0xe0,
    0x26, 0x9f, 0x65, 0x6e, 0x4, 0xff, 0xff, 0xa0,
    0x0, 0x5e, 0x0, 0x6e, 0x0, 0x44, 0x43, 0x0,
    0x0, 0x5e, 0x0, 0x6e, 0x55, 0x55, 0x55, 0x50,
    0x0, 0x5e, 0x79, 0x6f, 0xff, 0xff, 0xff, 0xf0,
    0x27, 0xdf, 0xd7, 0x6e, 0xe, 0x50, 0x5, 0xc0,
    0xbd, 0xbe, 0x0, 0x6e, 0x9, 0xb0, 0xb, 0x70,
    0x0, 0x5e, 0x0, 0x6e, 0x2, 0xf4, 0x4f, 0x10,
    0x0, 0x5e, 0x0, 0x6e, 0x0, 0x9d, 0xe6, 0x0,
    0x0, 0x5e, 0x0, 0x6e, 0x0, 0x2f, 0xf0, 0x0,
    0x0, 0x5e, 0x0, 0x6e, 0x3, 0xed, 0xec, 0x10,
    0x24, 0xbd, 0x0, 0x6e, 0x8f, 0xb0, 0x2d, 0xe4,
    0x6f, 0xf7, 0x0, 0x6e, 0xa6, 0x0, 0x0, 0x88,

    /* U+6362 "换" */
    0x0, 0x2, 0x0, 0x0, 0x3, 0x0, 0x0, 0x0,
    0x0, 0x0, 0xf4, 0x0, 0x1, 0xf6, 0x0, 0x0,
    0x0, 0x0, 0xf, 0x40, 0x0, 0x8f, 0x65, 0x55,
    0x30, 0x0, 0x0, 0xf4, 0x0, 0x2f, 0xee, 0xee,
    0xfa, 0x0, 0xa, 0xbf, 0xcb, 0x1d, 0xd0, 0x0,
    0x6f, 0x20, 0x0, 0x77, 0xfa, 0x7b, 0xe2, 0x0,
    0x3f, 0x50, 0x0, 0x0, 0xf, 0x41, 0xdf, 0xff,
    0xff, 0xff, 0xfa, 0x0, 0x0, 0xf4, 0x0, 0xf7,
    0x48, 0xf4, 0x4a, 0xb0, 0x0, 0xf, 0x9b, 0xf,
    0x40, 0x5f, 0x0, 0x7b, 0x0, 0x5a, 0xff, 0xb0,
    0xf4, 0x5, 0xf0, 0x7, 0xb0, 0xd, 0xcf, 0x51,
    0x3f, 0x63, 0x7f, 0x33, 0x9c, 0x30, 0x10, 0xf4,
    0x5f, 0xff, 0xff, 0xff, 0xff, 0xfe, 0x0, 0xf,
    0x40, 0x0, 0x0, 0xcf, 0x60, 0x0, 0x0, 0x0,
    0xf4, 0x0, 0x0, 0x6f, 0xae, 0x20, 0x0, 0x0,
    0xf, 0x40, 0x0, 0x8f, 0x80, 0xbe, 0x40, 0x0,
    0x57, 0xf4, 0x39, 0xef, 0x70, 0x0, 0xaf, 0xc5,
    0xd, 0xfc, 0x6, 0xe8, 0x10, 0x0, 0x0, 0x4c,
    0xa0, 0x0, 0x0, 0x0, 0x0, 0x0, 0x0, 0x0,
    0x0,

    /* U+6377 "捷" */
    0x0, 0xd, 0x40, 0x0, 0x0, 0x9a, 0x0, 0x0,
    0x0, 0x0, 0xe5, 0x9, 0xdd, 0xde, 0xfd, 0xdd,
    0xd3, 0x0, 0xe, 0x50, 0x34, 0x44, 0xbc, 0x44,
    0x44, 0x10, 0xae, 0xff, 0xe0, 0x0, 0x9, 0xb0,
    0x0, 0x0, 0x4, 0x6f, 0x96, 0x7f, 0xff, 0xff,
    0xff, 0xf9, 0x0, 0x0, 0xe5, 0x0, 0x0, 0x9,
    0xb0, 0x9, 0x90, 0x0, 0xe, 0x50, 0xbc, 0xcc,
    0xee, 0xcc, 0xee, 0x90, 0x0, 0xed, 0xc4, 0x44,
    0x4b, 0xc4, 0x4b, 0xb3, 0x7, 0xdf, 0xd6, 0x1,
    0x11, 0x9b, 0x11, 0xa9, 0x0, 0xb9, 0xf5, 0x9,
    0xff, 0xff, 0xff, 0xff, 0x90, 0x0, 0xe, 0x50,
    0x4, 0x0, 0x9b, 0x0, 0x0, 0x0, 0x0, 0xe5,
    0x3, 0xf1, 0x9, 0xc4, 0x44, 0x40, 0x0, 0xe,
    0x50, 0x6f, 0x10, 0x9f, 0xdd, 0xdd, 0x0, 0x0,
    0xe5, 0xc, 0xfb, 0x9, 0xb0, 0x0, 0x0, 0x1,
    0x3f, 0x56, 0xf3, 0xdd, 0xcb, 0x22, 0x22, 0x10,
    0xff, 0xf6, 0xf7, 0x0, 0x7c, 0xef, 0xff, 0xfb,
    0x2, 0x20, 0x6, 0x0, 0x0, 0x0, 0x0, 0x0,
    0x0,

    /* U+63D0 "提" */
    0x0, 0xe, 0x50, 0x1, 0x22, 0x22, 0x22, 0x21,
    0x0, 0x0, 0xe, 0x50, 0xb, 0xfe, 0xee, 0xee,
    0xf7, 0x0, 0x0, 0xe, 0x50, 0xb, 0x90, 0x0,
    0x0, 0xe7, 0x0, 0xc, 0xff, 0xff, 0x1b, 0xff,
    0xff, 0xff, 0xf7, 0x0, 0x4, 0x5f, 0x95, 0xb,
    0x90, 0x0, 0x0, 0xe7, 0x0, 0x0, 0xe, 0x50,
    0xb, 0x92, 0x22, 0x22, 0xe7, 0x0, 0x0, 0xe,
    0x51, 0xa, 0xff, 0xff, 0xff, 0xf6, 0x0, 0x0,
    0x2f, 0xef, 0x0, 0x0, 0x0, 0x0, 0x0, 0x0,
    0xd, 0xff, 0x92, 0xff, 0xff, 0xff, 0xff, 0xff,
    0xc0, 0x7, 0x2e, 0x50, 0x35, 0x43, 0x4f, 0x53,
    0x33, 0x20, 0x0, 0xe, 0x50, 0xd, 0x50, 0x1f,
    0x20, 0x0, 0x0, 0x0, 0xe, 0x50, 0xf, 0x40,
    0x1f, 0xff, 0xff, 0x10, 0x0, 0xe, 0x50, 0x5f,
    0x90, 0x1f, 0x53, 0x33, 0x0, 0x0, 0xe, 0x50,
    0xca, 0xe5, 0x1f, 0x20, 0x0, 0x0, 0x4, 0x6f,
    0x56, 0xf2, 0x4f, 0xcf, 0x76, 0x66, 0x60, 0xb,
    0xfc, 0x1d, 0x70, 0x2, 0x9c, 0xdd, 0xdd, 0xb0,
    0x0, 0x0, 0x1, 0x0, 0x0, 0x0, 0x0, 0x0,
    0x0,

    /* U+641C "搜" */
    0x0, 0xe4, 0x0, 0x0, 0x44, 0xe0, 0x0, 0x0,
    0x0, 0xf5, 0x2, 0xcf, 0xd6, 0xe8, 0xee, 0xd0,
    0x0, 0xf5, 0x4, 0xf2, 0x5, 0xe2, 0x37, 0xe0,
    0xdf, 0xff, 0xe4, 0xe0, 0x5, 0xe0, 0x4, 0xe0,
    0x56, 0xf9, 0x54, 0xff, 0xf5, 0xe8, 0xff, 0xe0,
    0x0, 0xf5, 0x4, 0xe1, 0x15, 0xe0, 0x15, 0xe0,
    0x0, 0xf5, 0x24, 0xe1, 0x15, 0xe1, 0x15, 0xe0,
    0x0, 0xfe, 0xd4, 0xff, 0xff, 0xff, 0xff, 0xe0,
    0x6e, 0xfc, 0x50, 0x11, 0x15, 0xe1, 0x11, 0x0,
    0xcb, 0xf5, 0x0, 0x22, 0x26, 0xe2, 0x22, 0x10,
    0x10, 0xf5, 0x2, 0xff, 0xff, 0xff, 0xff, 0x80,
    0x0, 0xf5, 0x0, 0xae, 0x30, 0x0, 0xae, 0x10,
    0x0, 0xf5, 0x0, 0x9, 0xf5, 0x1b, 0xe2, 0x0,
    0x0, 0xf5, 0x0, 0x0, 0x7f, 0xfd, 0x10, 0x0,
    0x46, 0xf4, 0x14, 0x7b, 0xfc, 0xaf, 0xd9, 0x52,
    0xcf, 0xd1, 0xbf, 0xc8, 0x20, 0x1, 0x7c, 0xfc,
    0x0, 0x0, 0x21, 0x0, 0x0, 0x0, 0x0, 0x2,

    /* U+6539 "改" */
    0x0, 0x0, 0x0, 0x0, 0x2, 0x10, 0x0, 0x0,
    0x0, 0x0, 0x0, 0x0, 0x0, 0xca, 0x0, 0x0,
    0x0, 0x6c, 0xcc, 0xcc, 0x0, 0x1f, 0x50, 0x0,
    0x0, 0x4, 0x99, 0x9b, 0xf1, 0x7, 0xf7, 0x66,
    0x66, 0x50, 0x0, 0x0, 0x4f, 0x10, 0xdf, 0xff,
    0xff, 0xfd, 0x0, 0x0, 0x4, 0xf1, 0x5f, 0x30,
    0x1, 0xf3, 0x0, 0x0, 0x0, 0x4f, 0x1d, 0xf3,
    0x0, 0x3f, 0x10, 0x0, 0x44, 0x47, 0xf8, 0xfe,
    0x70, 0x7, 0xe0, 0x0, 0x1f, 0xff, 0xff, 0x46,
    0x9b, 0x0, 0xb9, 0x0, 0x1, 0xf6, 0x22, 0x20,
    0x4, 0xf2, 0x1f, 0x40, 0x0, 0x1f, 0x40, 0x0,
    0x0, 0xd, 0xa9, 0xe0, 0x0, 0x1, 0xf4, 0x0,
    0x0, 0x0, 0x5f, 0xf5, 0x0, 0x0, 0x1f, 0x40,
    0x3, 0x10, 0x1, 0xff, 0x10, 0x0, 0x1, 0xf4,
    0x2b, 0xf3, 0x2, 0xdd, 0xec, 0x10, 0x0, 0x2f,
    0xcf, 0xd4, 0x5, 0xfd, 0x12, 0xed, 0x20, 0x8,
    0xfe, 0x50, 0x1a, 0xfb, 0x10, 0x2, 0xdf, 0x60,
    0x27, 0x0, 0x7, 0xf6, 0x0, 0x0, 0x1, 0xba,
    0x0, 0x0, 0x0, 0x1, 0x0, 0x0, 0x0, 0x0,
    0x0,

    /* U+6587 "文" */
    0x0, 0x0, 0x0, 0x0, 0x20, 0x0, 0x0, 0x0,
    0x0, 0x0, 0x0, 0x0, 0x4f, 0x50, 0x0, 0x0,
    0x0, 0x0, 0x0, 0x0, 0x0, 0xeb, 0x0, 0x0,
    0x0, 0x0, 0x56, 0x66, 0x66, 0x6b, 0xf6, 0x66,
    0x66, 0x62, 0xe, 0xff, 0xff, 0xff, 0xff, 0xff,
    0xff, 0xff, 0x70, 0x0, 0xe, 0x80, 0x0, 0x0,
    0x1f, 0x60, 0x0, 0x0, 0x0, 0x9d, 0x0, 0x0,
    0x5, 0xf2, 0x0, 0x0, 0x0, 0x3, 0xf4, 0x0,
    0x0, 0xcc, 0x0, 0x0, 0x0, 0x0, 0xc, 0xb0,
    0x0, 0x3f, 0x50, 0x0, 0x0, 0x0, 0x0, 0x4f,
    0x50, 0xc, 0xd0, 0x0, 0x0, 0x0, 0x0, 0x0,
    0xae, 0x27, 0xf4, 0x0, 0x0, 0x0, 0x0, 0x0,
    0x1, 0xde, 0xf8, 0x0, 0x0, 0x0, 0x0, 0x0,
    0x0, 0x9, 0xff, 0x40, 0x0, 0x0, 0x0, 0x0,
    0x0, 0x3c, 0xf9, 0xcf, 0x91, 0x0, 0x0, 0x0,
    0x3, 0xaf, 0xe4, 0x0, 0x8f, 0xe8, 0x10, 0x0,
    0x6c, 0xfe, 0x70, 0x0, 0x0, 0x2a, 0xff, 0xb4,
    0xc, 0xe7, 0x0, 0x0, 0x0, 0x0, 0x2, 0x9e,
    0x50, 0x10, 0x0, 0x0, 0x0, 0x0, 0x0, 0x0,
    0x0,

    /* U+65B9 "方" */
    0x0, 0x0, 0x0, 0x5, 0x50, 0x0, 0x0, 0x0,
    0x0, 0x0, 0x0, 0xb, 0xe0, 0x0, 0x0, 0x0,
    0x0, 0x0, 0x0, 0x4, 0xf6, 0x0, 0x0, 0x0,
    0x7e, 0xee, 0xee, 0xee, 0xff, 0xee, 0xee, 0xed,
    0x37, 0x77, 0x7f, 0x97, 0x77, 0x77, 0x77, 0x76,
    0x0, 0x0, 0x2f, 0x40, 0x0, 0x0, 0x0, 0x0,
    0x0, 0x0, 0x3f, 0x30, 0x0, 0x0, 0x0, 0x0,
    0x0, 0x0, 0x4f, 0x76, 0x66, 0x66, 0x65, 0x0,
    0x0, 0x0, 0x5f, 0xff, 0xff, 0xff, 0xfd, 0x0,
    0x0, 0x0, 0x8e, 0x0, 0x0, 0x0, 0x9c, 0x0,
    0x0, 0x0, 0xbc, 0x0, 0x0, 0x0, 0xab, 0x0,
    0x0, 0x0, 0xf8, 0x0, 0x0, 0x0, 0xba, 0x0,
    0x0, 0x6, 0xf2, 0x0, 0x0, 0x0, 0xc9, 0x0,
    0x0, 0x1e, 0xb0, 0x0, 0x0, 0x0, 0xd8, 0x0,
    0x0, 0xbf, 0x20, 0x0, 0x0, 0x0, 0xf7, 0x0,
    0xa, 0xf6, 0x0, 0x4, 0x55, 0x6b, 0xf3, 0x0,
    0x7f, 0x80, 0x0, 0x9, 0xff, 0xfe, 0x80, 0x0,
    0x6, 0x0, 0x0, 0x0, 0x0, 0x0, 0x0, 0x0,

    /* U+65E0 "无" */
    0x0, 0x12, 0x22, 0x22, 0x22, 0x22, 0x22, 0x20,
    0x0, 0xe, 0xff, 0xff, 0xff, 0xff, 0xff, 0xff,
    0x70, 0x0, 0x23, 0x33, 0x39, 0xf3, 0x33, 0x33,
    0x31, 0x0, 0x0, 0x0, 0x0, 0x7f, 0x0, 0x0,
    0x0, 0x0, 0x0, 0x0, 0x0, 0x8, 0xf0, 0x0,
    0x0, 0x0, 0x0, 0x0, 0x0, 0x0, 0xae, 0x0,
    0x0, 0x0, 0x0, 0xe, 0xff, 0xff, 0xff, 0xff,
    0xff, 0xff, 0xff, 0x80, 0x45, 0x55, 0x55, 0xfb,
    0x55, 0x55, 0x55, 0x52, 0x0, 0x0, 0x0, 0x4f,
    0x53, 0x10, 0x0, 0x0, 0x0, 0x0, 0x0, 0x9,
    0xf1, 0xf6, 0x0, 0x0, 0x0, 0x0, 0x0, 0x2,
    0xf9, 0xf, 0x60, 0x0, 0x0, 0x0, 0x0, 0x0,
    0xbf, 0x20, 0xf6, 0x0, 0x0, 0xf5, 0x0, 0x0,
    0x8f, 0x60, 0xf, 0x60, 0x0, 0x1f, 0x50, 0x0,
    0x8f, 0x90, 0x0, 0xf6, 0x0, 0x2, 0xf4, 0x1,
    0xbf, 0x90, 0x0, 0xe, 0xd6, 0x66, 0xaf, 0x30,
    0xcf, 0x60, 0x0, 0x0, 0x6e, 0xff, 0xff, 0x90,
    0x2, 0x20, 0x0, 0x0, 0x0, 0x0, 0x0, 0x0,
    0x0,

    /* U+65E5 "日" */
    0x11, 0x11, 0x11, 0x11, 0x11, 0x11, 0xef, 0xff,
    0xff, 0xff, 0xff, 0xfe, 0xea, 0x55, 0x55, 0x55,
    0x55, 0xae, 0xe8, 0x0, 0x0, 0x0, 0x0, 0x8e,
    0xe8, 0x0, 0x0, 0x0, 0x0, 0x8e, 0xe8, 0x0,
    0x0, 0x0, 0x0, 0x8e, 0xe8, 0x0, 0x0, 0x0,
    0x0, 0x8e, 0xef, 0xff, 0xff, 0xff, 0xff, 0xfe,
    0xeb, 0x77, 0x77, 0x77, 0x77, 0xbe, 0xe8, 0x0,
    0x0, 0x0, 0x0, 0x8e, 0xe8, 0x0, 0x0, 0x0,
    0x0, 0x8e, 0xe8, 0x0, 0x0, 0x0, 0x0, 0x8e,
    0xe8, 0x0, 0x0, 0x0, 0x0, 0x8e, 0xeb, 0x77,
    0x77, 0x77, 0x77, 0xbe, 0xef, 0xff, 0xff, 0xff,
    0xff, 0xfe, 0xe8, 0x0, 0x0, 0x0, 0x0, 0x8e,
    0x0, 0x0, 0x0, 0x0, 0x0, 0x0,

    /* U+670B "朋" */
    0x0, 0x44, 0x44, 0x41, 0x3, 0x44, 0x44, 0x40,
    0x3, 0xff, 0xff, 0xf4, 0xe, 0xff, 0xff, 0xf3,
    0x3, 0xf1, 0x11, 0xe4, 0xe, 0x51, 0x12, 0xf3,
    0x3, 0xf0, 0x0, 0xe4, 0xe, 0x40, 0x1, 0xf3,
    0x3, 0xf0, 0x0, 0xe4, 0xe, 0x40, 0x1, 0xf3,
    0x3, 0xff, 0xff, 0xf4, 0xe, 0xff, 0xff, 0xf3,
    0x3, 0xf3, 0x33, 0xf4, 0xe, 0x74, 0x44, 0xf3,
    0x3, 0xf0, 0x0, 0xe4, 0xe, 0x40, 0x1, 0xf3,
    0x3, 0xf0, 0x0, 0xe4, 0xe, 0x40, 0x1, 0xf3,
    0x4, 0xff, 0xff, 0xf4, 0xf, 0xff, 0xff, 0xf3,
    0x4, 0xe5, 0x55, 0xf4, 0xf, 0x75, 0x55, 0xf3,
    0x6, 0xd0, 0x0, 0xe4, 0x1f, 0x10, 0x1, 0xf3,
    0x8, 0xb0, 0x0, 0xe4, 0x4f, 0x0, 0x1, 0xf3,
    0xc, 0x80, 0x0, 0xe4, 0x8b, 0x0, 0x1, 0xf3,
    0x2f, 0x31, 0x56, 0xf4, 0xe6, 0x3, 0x37, 0xf2,
    0x9d, 0x3, 0xff, 0xc8, 0xe0, 0xc, 0xff, 0xc0,
    0x13, 0x0, 0x0, 0x1, 0x40, 0x1, 0x21, 0x0,

    /* U+6728 "木" */
    0x0, 0x0, 0x0, 0x3, 0x70, 0x0, 0x0, 0x0,
    0x0, 0x0, 0x0, 0x0, 0x7e, 0x0, 0x0, 0x0,
    0x0, 0x0, 0x0, 0x0, 0x7, 0xe0, 0x0, 0x0,
    0x0, 0x0, 0x0, 0x0, 0x0, 0x7e, 0x0, 0x0,
    0x0, 0x0, 0x1f, 0xff, 0xff, 0xff, 0xff, 0xff,
    0xff, 0xf8, 0x0, 0x77, 0x77, 0x77, 0xff, 0xa7,
    0x77, 0x77, 0x30, 0x0, 0x0, 0x0, 0x6f, 0xfd,
    0x0, 0x0, 0x0, 0x0, 0x0, 0x0, 0x1e, 0xef,
    0xf6, 0x0, 0x0, 0x0, 0x0, 0x0, 0xb, 0xd7,
    0xe7, 0xf2, 0x0, 0x0, 0x0, 0x0, 0x7, 0xf4,
    0x7e, 0xc, 0xd1, 0x0, 0x0, 0x0, 0x5, 0xf7,
    0x7, 0xe0, 0x1e, 0xc0, 0x0, 0x0, 0x5, 0xfa,
    0x0, 0x7e, 0x0, 0x4f, 0xc1, 0x0, 0x7, 0xfb,
    0x0, 0x7, 0xe0, 0x0, 0x4f, 0xd2, 0x8, 0xfa,
    0x0, 0x0, 0x7e, 0x0, 0x0, 0x4f, 0xf1, 0x38,
    0x0, 0x0, 0x7, 0xe0, 0x0, 0x0, 0x27, 0x0,
    0x0, 0x0, 0x0, 0x7e, 0x0, 0x0, 0x0, 0x0,
    0x0, 0x0, 0x0, 0x7, 0xe0, 0x0, 0x0, 0x0,
    0x0,

    /* U+672B "末" */
    0x0, 0x0, 0x0, 0x2, 0x40, 0x0, 0x0, 0x0,
    0x0, 0x0, 0x0, 0x0, 0x8e, 0x0, 0x0, 0x0,
    0x0, 0x0, 0x0, 0x0, 0x8, 0xe0, 0x0, 0x0,
    0x0, 0x0, 0x66, 0x66, 0x66, 0xbf, 0x66, 0x66,
    0x66, 0x30, 0x1f, 0xff, 0xff, 0xff, 0xff, 0xff,
    0xff, 0xf8, 0x0, 0x0, 0x0, 0x0, 0x8e, 0x0,
    0x0, 0x0, 0x0, 0x0, 0x0, 0x0, 0x8, 0xe0,
    0x0, 0x0, 0x0, 0x0, 0x12, 0x22, 0x22, 0x9e,
    0x22, 0x22, 0x22, 0x0, 0x7, 0xff, 0xff, 0xff,
    0xff, 0xff, 0xff, 0xe0, 0x0, 0x13, 0x33, 0x38,
    0xff, 0xd3, 0x33, 0x32, 0x0, 0x0, 0x0, 0x3,
    0xfe, 0xfe, 0xa0, 0x0, 0x0, 0x0, 0x0, 0x3,
    0xfa, 0x8e, 0x3f, 0xa0, 0x0, 0x0, 0x0, 0x5,
    0xfa, 0x8, 0xe0, 0x4f, 0xb1, 0x0, 0x0, 0x9,
    0xf9, 0x0, 0x8e, 0x0, 0x3e, 0xe4, 0x0, 0x4d,
    0xf6, 0x0, 0x8, 0xe0, 0x0, 0x1c, 0xfa, 0x5,
    0xd3, 0x0, 0x0, 0x8e, 0x0, 0x0, 0x8, 0xa0,
    0x0, 0x0, 0x0, 0x8, 0xe0, 0x0, 0x0, 0x0,
    0x0,

    /* U+672C "本" */
    0x0, 0x0, 0x0, 0x3, 0x70, 0x0, 0x0, 0x0,
    0x0, 0x0, 0x0, 0x0, 0x7e, 0x0, 0x0, 0x0,
    0x0, 0x0, 0x0, 0x0, 0x7, 0xe0, 0x0, 0x0,
    0x0, 0x0, 0x33, 0x33, 0x33, 0x9f, 0x33, 0x33,
    0x33, 0x20, 0x3f, 0xff, 0xff, 0xff, 0xff, 0xff,
    0xff, 0xfb, 0x0, 0x22, 0x22, 0x2b, 0xff, 0xf4,
    0x22, 0x22, 0x10, 0x0, 0x0, 0x2, 0xf9, 0xec,
    0x90, 0x0, 0x0, 0x0, 0x0, 0x0, 0xba, 0x7e,
    0x4f, 0x20, 0x0, 0x0, 0x0, 0x0, 0x5f, 0x27,
    0xe0, 0xcb, 0x0, 0x0, 0x0, 0x0, 0x1e, 0x80,
    0x7e, 0x2, 0xf7, 0x0, 0x0, 0x0, 0xd, 0xd0,
    0x7, 0xe0, 0x8, 0xf5, 0x0, 0x0, 0xb, 0xe2,
    0x0, 0x7e, 0x0, 0xb, 0xf4, 0x0, 0xb, 0xf4,
    0x33, 0x39, 0xf3, 0x33, 0x2d, 0xf5, 0xa, 0xf5,
    0x1f, 0xff, 0xff, 0xff, 0xf8, 0x1c, 0xf2, 0x35,
    0x0, 0x22, 0x28, 0xe2, 0x22, 0x10, 0x16, 0x0,
    0x0, 0x0, 0x0, 0x7e, 0x0, 0x0, 0x0, 0x0,
    0x0, 0x0, 0x0, 0x7, 0xe0, 0x0, 0x0, 0x0,
    0x0,

    /* U+6761 "条" */
    0x0, 0x0, 0x4, 0x0, 0x0, 0x0, 0x0, 0x0,
    0x0, 0x0, 0x5f, 0x60, 0x0, 0x0, 0x0, 0x0,
    0x0, 0x4, 0xff, 0xdd, 0xdd, 0xdd, 0xdc, 0x0,
    0x0, 0x4f, 0xd4, 0x44, 0x44, 0x49, 0xfc, 0x0,
    0x7, 0xfb, 0xfb, 0x10, 0x0, 0x9f, 0xa0, 0x0,
    0x5f, 0x70, 0x3e, 0xe6, 0x6e, 0xf6, 0x0, 0x0,
    0x3, 0x0, 0x3, 0xef, 0xff, 0x40, 0x0, 0x0,
    0x1, 0x48, 0xdf, 0xe9, 0x8e, 0xfe, 0xa7, 0x41,
    0xbf, 0xfe, 0xa4, 0x1, 0x20, 0x37, 0xbe, 0xfc,
    0x55, 0x20, 0x0, 0x7, 0xe0, 0x0, 0x0, 0x12,
    0x16, 0x66, 0x66, 0x6a, 0xe6, 0x66, 0x66, 0x61,
    0x3e, 0xee, 0xee, 0xee, 0xfe, 0xee, 0xee, 0xe2,
    0x0, 0x0, 0x50, 0x7, 0xe0, 0x22, 0x0, 0x0,
    0x0, 0x9, 0xf3, 0x7, 0xe0, 0x9f, 0x80, 0x0,
    0x4, 0xde, 0x40, 0x7, 0xe0, 0x6, 0xee, 0x50,
    0x9f, 0xb1, 0x25, 0x5c, 0xd0, 0x0, 0x1a, 0xf8,
    0x55, 0x0, 0x5f, 0xfe, 0x60, 0x0, 0x0, 0x53,

    /* U+679C "果" */
    0x0, 0x34, 0x44, 0x44, 0x44, 0x44, 0x44, 0x10,
    0x0, 0xd, 0xff, 0xff, 0xff, 0xff, 0xff, 0xf4,
    0x0, 0x0, 0xd8, 0x0, 0x7, 0xe0, 0x0, 0xf,
    0x40, 0x0, 0xd, 0x93, 0x33, 0x8e, 0x33, 0x33,
    0xf4, 0x0, 0x0, 0xdf, 0xff, 0xff, 0xff, 0xff,
    0xff, 0x40, 0x0, 0xd, 0x80, 0x0, 0x7e, 0x0,
    0x0, 0xf4, 0x0, 0x0, 0xda, 0x44, 0x49, 0xe4,
    0x44, 0x4f, 0x40, 0x0, 0xc, 0xff, 0xff, 0xff,
    0xff, 0xff, 0xf4, 0x0, 0x0, 0x0, 0x0, 0x7,
    0xe0, 0x0, 0x0, 0x0, 0x2, 0x55, 0x55, 0x55,
    0xae, 0x55, 0x55, 0x55, 0x40, 0x5e, 0xee, 0xee,
    0xef, 0xff, 0xee, 0xee, 0xeb, 0x0, 0x0, 0x0,
    0x2d, 0xff, 0xf6, 0x0, 0x0, 0x0, 0x0, 0x0,
    0x7f, 0x97, 0xe3, 0xeb, 0x20, 0x0, 0x0, 0x17,
    0xed, 0x40, 0x7e, 0x1, 0xaf, 0xb4, 0x0, 0x7f,
    0xd6, 0x0, 0x7, 0xe0, 0x0, 0x3b, 0xfe, 0x2,
    0x40, 0x0, 0x0, 0x7e, 0x0, 0x0, 0x1, 0x40,

    /* U+67E5 "查" */
    0x0, 0x0, 0x0, 0x0, 0x10, 0x0, 0x0, 0x0,
    0x0, 0x0, 0x0, 0x0, 0xf, 0x60, 0x0, 0x0,
    0x0, 0x3, 0x44, 0x44, 0x44, 0xf9, 0x44, 0x44,
    0x44, 0x10, 0xbf, 0xff, 0xff, 0xff, 0xff, 0xff,
    0xff, 0xf3, 0x0, 0x0, 0x0, 0x9f, 0xff, 0xd3,
    0x0, 0x0, 0x0, 0x0, 0x6, 0xec, 0x2f, 0x69,
    0xfa, 0x20, 0x0, 0x2, 0x7e, 0xe6, 0x0, 0xf6,
    0x3, 0xcf, 0xb5, 0x1, 0xfe, 0x93, 0x22, 0x25,
    0x32, 0x22, 0x5a, 0xf7, 0x3, 0xa, 0xff, 0xff,
    0xff, 0xff, 0xff, 0x11, 0x10, 0x0, 0xaa, 0x0,
    0x0, 0x0, 0x4, 0xf1, 0x0, 0x0, 0xa, 0xff,
    0xff, 0xff, 0xff, 0xff, 0x10, 0x0, 0x0, 0xab,
    0x22, 0x22, 0x22, 0x25, 0xf1, 0x0, 0x0, 0xa,
    0xb3, 0x33, 0x33, 0x33, 0x6f, 0x10, 0x0, 0x0,
    0xaf, 0xff, 0xff, 0xff, 0xff, 0xf1, 0x0, 0x0,
    0x0, 0x0, 0x0, 0x0, 0x0, 0x0, 0x0, 0x0,
    0x33, 0x33, 0x33, 0x33, 0x33, 0x33, 0x33, 0x31,
    0xe, 0xff, 0xff, 0xff, 0xff, 0xff, 0xff, 0xff,
    0x50,

    /* U+683C "格" */
    0x0, 0x5, 0x20, 0x0, 0x3, 0x40, 0x0, 0x0,
    0x0, 0x0, 0xd7, 0x0, 0x0, 0xcb, 0x0, 0x0,
    0x0, 0x0, 0xd, 0x70, 0x0, 0x5f, 0xdb, 0xbb,
    0xb7, 0x0, 0x0, 0xd7, 0x0, 0x1e, 0xb7, 0x77,
    0x9f, 0x90, 0xe, 0xff, 0xff, 0x4b, 0xfd, 0x0,
    0xa, 0xe1, 0x0, 0x55, 0xfa, 0x59, 0xf4, 0xda,
    0x7, 0xf5, 0x0, 0x0, 0x2f, 0x70, 0x35, 0x2,
    0xeb, 0xf6, 0x0, 0x0, 0x8, 0xfe, 0x30, 0x0,
    0x2c, 0xfe, 0x30, 0x0, 0x0, 0xef, 0xef, 0x43,
    0x9f, 0xd5, 0xaf, 0xb6, 0x10, 0x5e, 0xd7, 0x7c,
    0xfd, 0x60, 0x0, 0x3a, 0xfd, 0xd, 0x7d, 0x70,
    0x45, 0x44, 0x44, 0x44, 0x41, 0x34, 0xe1, 0xd7,
    0x0, 0x5f, 0xff, 0xff, 0xff, 0x20, 0x5, 0xd,
    0x70, 0x5, 0xe0, 0x0, 0x2, 0xf2, 0x0, 0x0,
    0xd7, 0x0, 0x5e, 0x0, 0x0, 0x2f, 0x20, 0x0,
    0xd, 0x70, 0x5, 0xe1, 0x11, 0x13, 0xf2, 0x0,
    0x0, 0xd7, 0x0, 0x5f, 0xff, 0xff, 0xff, 0x20,
    0x0, 0xd, 0x70, 0x5, 0xe1, 0x11, 0x13, 0xf2,
    0x0, 0x0, 0x0, 0x0, 0x1, 0x0, 0x0, 0x2,
    0x0,

    /* U+6863 "档" */
    0x0, 0x4, 0x30, 0x0, 0x0, 0x16, 0x10, 0x0,
    0x0, 0x0, 0xc8, 0x0, 0x60, 0x2, 0xf2, 0x0,
    0x60, 0x0, 0xc, 0x80, 0x1f, 0x70, 0x2f, 0x20,
    0x6f, 0x20, 0x0, 0xc8, 0x0, 0x6f, 0x22, 0xf2,
    0x1e, 0x90, 0xe, 0xff, 0xff, 0x90, 0xcc, 0x2f,
    0x2a, 0xe0, 0x0, 0x56, 0xfb, 0x63, 0x3, 0x62,
    0xf2, 0x75, 0x0, 0x0, 0x3f, 0x80, 0x6, 0x66,
    0x7f, 0x76, 0x66, 0x0, 0x8, 0xfb, 0x1, 0xff,
    0xff, 0xff, 0xff, 0xf0, 0x0, 0xef, 0xfb, 0x0,
    0x0, 0x0, 0x0, 0x4f, 0x0, 0x6e, 0xd9, 0xdb,
    0x0, 0x0, 0x0, 0x4, 0xf0, 0xe, 0x8c, 0x81,
    0x43, 0x44, 0x44, 0x44, 0x7f, 0x1, 0xe1, 0xc8,
    0x0, 0xcf, 0xff, 0xff, 0xff, 0xf0, 0x4, 0xc,
    0x80, 0x0, 0x0, 0x0, 0x0, 0x4f, 0x0, 0x0,
    0xc8, 0x0, 0x0, 0x0, 0x0, 0x4, 0xf0, 0x0,
    0xc, 0x80, 0x0, 0x0, 0x0, 0x0, 0x4f, 0x0,
    0x0, 0xc8, 0x7, 0xff, 0xff, 0xff, 0xff, 0xf0,
    0x0, 0xc, 0x70, 0x14, 0x44, 0x44, 0x44, 0x7f,
    0x0,

    /* U+68CB "棋" */
    0x0, 0x5, 0x20, 0x0, 0x61, 0x0, 0x2, 0x60,
    0x0, 0x0, 0xe6, 0x0, 0x1f, 0x30, 0x0, 0x5f,
    0x0, 0x0, 0xe, 0x60, 0x13, 0xf5, 0x22, 0x27,
    0xf2, 0x10, 0x0, 0xe6, 0x9, 0xff, 0xff, 0xff,
    0xff, 0xf9, 0xb, 0xcf, 0xdc, 0x32, 0xf3, 0x0,
    0x5, 0xf0, 0x0, 0x78, 0xfb, 0x81, 0x1f, 0x52,
    0x22, 0x6f, 0x0, 0x0, 0x2f, 0x60, 0x1, 0xff,
    0xff, 0xff, 0xf0, 0x0, 0x8, 0xfd, 0x10, 0x1f,
    0x30, 0x0, 0x5f, 0x0, 0x0, 0xef, 0xed, 0x21,
    0xf5, 0x33, 0x37, 0xf0, 0x0, 0x5d, 0xe6, 0xb8,
    0x1f, 0xff, 0xff, 0xff, 0x0, 0xd, 0x6e, 0x60,
    0x1, 0xf3, 0x0, 0x5, 0xf0, 0x3, 0xe0, 0xe6,
    0x3, 0x4f, 0x63, 0x33, 0x7f, 0x33, 0x5, 0xe,
    0x62, 0xff, 0xff, 0xff, 0xff, 0xff, 0xe0, 0x0,
    0xe6, 0x0, 0x0, 0x40, 0x3, 0x30, 0x0, 0x0,
    0xe, 0x60, 0x1, 0xaf, 0x40, 0x7f, 0x90, 0x0,
    0x0, 0xe6, 0x8, 0xfc, 0x20, 0x0, 0x3d, 0xe4,
    0x0, 0xe, 0x61, 0xd6, 0x0, 0x0, 0x0, 0x7,
    0xa0, 0x0, 0x0, 0x0, 0x0, 0x0, 0x0, 0x0,
    0x0,

    /* U+690D "植" */
    0x0, 0x5, 0x20, 0x0, 0x0, 0x17, 0x0, 0x0,
    0x0, 0x0, 0xe5, 0x0, 0x0, 0x4, 0xf1, 0x0,
    0x0, 0x0, 0xe, 0x50, 0x8e, 0xee, 0xef, 0xee,
    0xee, 0x70, 0x0, 0xe5, 0x3, 0x44, 0x47, 0xf5,
    0x44, 0x42, 0xe, 0xff, 0xff, 0x30, 0x0, 0x4f,
    0x10, 0x0, 0x0, 0x46, 0xf9, 0x51, 0xdf, 0xff,
    0xff, 0xff, 0x90, 0x0, 0x5f, 0x50, 0xe, 0x83,
    0x33, 0x33, 0xba, 0x0, 0xa, 0xf8, 0x0, 0xe6,
    0x11, 0x11, 0x1b, 0xa0, 0x0, 0xff, 0xf8, 0xe,
    0xff, 0xff, 0xff, 0xfa, 0x0, 0x6d, 0xe9, 0xe5,
    0xe6, 0x0, 0x0, 0xa, 0xa0, 0xd, 0x7e, 0x52,
    0xe, 0xff, 0xff, 0xff, 0xfa, 0x4, 0xf1, 0xe5,
    0x0, 0xe6, 0x11, 0x11, 0x1b, 0xa0, 0x6, 0xe,
    0x50, 0xe, 0x71, 0x11, 0x11, 0xba, 0x0, 0x0,
    0xe5, 0x0, 0xef, 0xff, 0xff, 0xff, 0xa0, 0x0,
    0xe, 0x50, 0xe, 0x60, 0x0, 0x0, 0xaa, 0x0,
    0x0, 0xe5, 0x3, 0xe7, 0x33, 0x33, 0x3b, 0xb2,
    0x0, 0xe, 0x51, 0xff, 0xff, 0xff, 0xff, 0xff,
    0xe0,

    /* U+6A21 "模" */
    0x0, 0x5, 0x20, 0x0, 0x26, 0x0, 0x26, 0x0,
    0x0, 0x0, 0xd7, 0x0, 0x4, 0xe0, 0x4, 0xe0,
    0x0, 0x0, 0xd, 0x70, 0xac, 0xdf, 0xcc, 0xdf,
    0xcc, 0x60, 0x0, 0xd7, 0x5, 0x69, 0xf6, 0x69,
    0xf6, 0x63, 0xe, 0xff, 0xff, 0x50, 0x27, 0x0,
    0x27, 0x0, 0x0, 0x34, 0xf9, 0x42, 0xff, 0xff,
    0xff, 0xff, 0x80, 0x0, 0x5f, 0x70, 0x1f, 0x21,
    0x11, 0x11, 0xa8, 0x0, 0xa, 0xfa, 0x1, 0xf4,
    0x33, 0x33, 0x3b, 0x80, 0x1, 0xff, 0xfa, 0x1f,
    0xbb, 0xbb, 0xbb, 0xd8, 0x0, 0x7e, 0xd9, 0xd5,
    0xf2, 0x11, 0x11, 0x1a, 0x80, 0xe, 0x7d, 0x71,
    0x1f, 0xff, 0xff, 0xff, 0xf8, 0x3, 0xe0, 0xd7,
    0x0, 0x0, 0x7, 0xd0, 0x0, 0x0, 0x4, 0xd,
    0x70, 0xff, 0xff, 0xff, 0xff, 0xff, 0xa0, 0x0,
    0xd7, 0x3, 0x33, 0x4f, 0xf8, 0x33, 0x32, 0x0,
    0xd, 0x70, 0x0, 0x2c, 0xd6, 0xf6, 0x0, 0x0,
    0x0, 0xd7, 0x15, 0xaf, 0xa1, 0x5, 0xed, 0x73,
    0x0, 0xd, 0x78, 0xe9, 0x20, 0x0, 0x0, 0x7c,
    0xb0, 0x0, 0x0, 0x0, 0x0, 0x0, 0x0, 0x0,
    0x0,

    /* U+6B21 "次" */
    0x0, 0x0, 0x0, 0x0, 0x10, 0x0, 0x0, 0x0,
    0x5, 0x0, 0x0, 0x6, 0xf1, 0x0, 0x0, 0x0,
    0x2f, 0x60, 0x0, 0xc, 0xb0, 0x0, 0x0, 0x0,
    0x9, 0xf1, 0x0, 0x2f, 0xa5, 0x55, 0x55, 0x51,
    0x1, 0xfa, 0x0, 0x9f, 0xff, 0xff, 0xff, 0xf5,
    0x0, 0x7f, 0x22, 0xf7, 0x0, 0x0, 0x5, 0xf1,
    0x0, 0x5, 0xb, 0xd0, 0xf, 0x50, 0xd, 0x90,
    0x0, 0x0, 0x3f, 0x50, 0xf, 0x50, 0x4f, 0x20,
    0x0, 0x0, 0x4, 0x0, 0x1f, 0x50, 0x38, 0x0,
    0x0, 0x5e, 0x0, 0x0, 0x3f, 0x90, 0x0, 0x0,
    0x0, 0xbc, 0x0, 0x0, 0x7f, 0xe0, 0x0, 0x0,
    0x1, 0xf6, 0x0, 0x0, 0xea, 0xf5, 0x0, 0x0,
    0x6, 0xf1, 0x0, 0x8, 0xf2, 0x8e, 0x10, 0x0,
    0xc, 0xb0, 0x0, 0x5f, 0x70, 0xd, 0xc0, 0x0,
    0x2f, 0x60, 0x7, 0xfa, 0x0, 0x3, 0xfc, 0x10,
    0x8f, 0x11, 0xbf, 0x90, 0x0, 0x0, 0x3f, 0xe5,
    0x26, 0x6, 0xf6, 0x0, 0x0, 0x0, 0x2, 0xc9,
    0x0, 0x0, 0x10, 0x0, 0x0, 0x0, 0x0, 0x0,

    /* U+6B65 "步" */
    0x0, 0x0, 0x0, 0x1, 0x10, 0x0, 0x0, 0x0,
    0x0, 0x0, 0x0, 0x9, 0xd0, 0x0, 0x0, 0x0,
    0x0, 0x1d, 0x30, 0x9, 0xd0, 0x0, 0x0, 0x0,
    0x0, 0x1f, 0x40, 0x9, 0xff, 0xff, 0xff, 0xa0,
    0x0, 0x1f, 0x40, 0x9, 0xd4, 0x44, 0x44, 0x30,
    0x0, 0x1f, 0x40, 0x9, 0xd0, 0x0, 0x0, 0x0,
    0x0, 0x1f, 0x40, 0x9, 0xd0, 0x0, 0x0, 0x0,
    0xef, 0xff, 0xff, 0xff, 0xff, 0xff, 0xff, 0xfe,
    0x45, 0x55, 0x55, 0x58, 0xf6, 0x55, 0x55, 0x54,
    0x0, 0x0, 0x81, 0x4, 0xf1, 0x0, 0x1, 0x0,
    0x0, 0xa, 0xf5, 0x4, 0xf1, 0x0, 0x3f, 0x50,
    0x1, 0xcf, 0x50, 0x4, 0xf1, 0x4, 0xfb, 0x0,
    0x4e, 0xe3, 0x0, 0x4, 0xf2, 0x8f, 0xa0, 0x0,
    0x2b, 0x10, 0x0, 0x1, 0x9e, 0xf7, 0x0, 0x0,
    0x0, 0x0, 0x4, 0x9f, 0xfa, 0x10, 0x0, 0x0,
    0x15, 0x8b, 0xff, 0xd8, 0x10, 0x0, 0x0, 0x0,
    0x7f, 0xeb, 0x72, 0x0, 0x0, 0x0, 0x0, 0x0,
    0x1, 0x0, 0x0, 0x0, 0x0, 0x0, 0x0, 0x0,

    /* U+6BCF "每" */
    0x0, 0x2, 0x70, 0x0, 0x0, 0x0, 0x0, 0x0,
    0x0, 0xb, 0xd0, 0x0, 0x0, 0x0, 0x0, 0x0,
    0x0, 0x5f, 0xff, 0xff, 0xff, 0xff, 0xff, 0xf5,
    0x2, 0xea, 0x44, 0x44, 0x44, 0x44, 0x44, 0x41,
    0xc, 0xd0, 0x0, 0x0, 0x0, 0x0, 0x0, 0x0,
    0x9e, 0x6f, 0xff, 0xff, 0xff, 0xff, 0xfb, 0x0,
    0x13, 0x6f, 0x55, 0xaa, 0x55, 0x55, 0xbb, 0x0,
    0x0, 0x8d, 0x0, 0x5e, 0xd4, 0x0, 0xaa, 0x0,
    0x0, 0xab, 0x0, 0x0, 0x78, 0x0, 0xb9, 0x0,
    0xdf, 0xff, 0xff, 0xff, 0xff, 0xff, 0xff, 0xfe,
    0x44, 0xe9, 0x44, 0xb7, 0x44, 0x44, 0xda, 0x44,
    0x0, 0xf5, 0x0, 0x8f, 0xa2, 0x0, 0xd8, 0x0,
    0x2, 0xf3, 0x0, 0x2, 0xa7, 0x0, 0xe7, 0x0,
    0x4, 0xfd, 0xdd, 0xdd, 0xdd, 0xdd, 0xfe, 0xd6,
    0x2, 0x66, 0x66, 0x66, 0x66, 0x66, 0xf9, 0x62,
    0x0, 0x0, 0x0, 0x1, 0x44, 0x49, 0xf3, 0x0,
    0x0, 0x0, 0x0, 0x3, 0xff, 0xff, 0x90, 0x0,

    /* U+6C34 "水" */
    0x0, 0x0, 0x0, 0x1, 0x20, 0x0, 0x0, 0x0,
    0x0, 0x0, 0x0, 0x0, 0x7e, 0x0, 0x0, 0x0,
    0x0, 0x0, 0x0, 0x0, 0x7, 0xe0, 0x0, 0x0,
    0x0, 0x0, 0x0, 0x0, 0x0, 0x7f, 0x10, 0x0,
    0x15, 0x0, 0x0, 0x0, 0x0, 0x7, 0xf5, 0x0,
    0x1c, 0xf1, 0x5, 0xff, 0xff, 0xe0, 0x7f, 0xb0,
    0x1c, 0xf4, 0x0, 0x27, 0x77, 0xae, 0x7, 0xff,
    0x4d, 0xe3, 0x0, 0x0, 0x0, 0xa, 0xa0, 0x7e,
    0xaf, 0xe2, 0x0, 0x0, 0x0, 0x0, 0xf5, 0x7,
    0xe3, 0xf3, 0x0, 0x0, 0x0, 0x0, 0x6f, 0x10,
    0x7e, 0xb, 0xb0, 0x0, 0x0, 0x0, 0xd, 0x90,
    0x7, 0xe0, 0x2f, 0x60, 0x0, 0x0, 0x7, 0xf2,
    0x0, 0x7e, 0x0, 0x7f, 0x40, 0x0, 0x2, 0xf7,
    0x0, 0x7, 0xe0, 0x0, 0xaf, 0x50, 0x1, 0xed,
    0x0, 0x0, 0x7e, 0x0, 0x0, 0xbf, 0x80, 0x9e,
    0x10, 0x0, 0x7, 0xe0, 0x0, 0x0, 0xbf, 0x12,
    0x30, 0x6, 0x77, 0xed, 0x0, 0x0, 0x0, 0x30,
    0x0, 0x0, 0xaf, 0xfe, 0x60, 0x0, 0x0, 0x0,
    0x0,

    /* U+6CD5 "法" */
    0x0, 0x0, 0x0, 0x0, 0x1, 0x10, 0x0, 0x0,
    0x6, 0x10, 0x0, 0x0, 0xb, 0xb0, 0x0, 0x0,
    0xd, 0xf5, 0x0, 0x0, 0xb, 0xb0, 0x0, 0x0,
    0x0, 0x9f, 0x63, 0x44, 0x4c, 0xc4, 0x44, 0x40,
    0x0, 0x5, 0xa, 0xff, 0xff, 0xff, 0xff, 0xf0,
    0x21, 0x0, 0x1, 0x11, 0x1b, 0xb1, 0x11, 0x10,
    0xbe, 0x30, 0x0, 0x0, 0xb, 0xb0, 0x0, 0x0,
    0x1c, 0xf5, 0x0, 0x0, 0xb, 0xb0, 0x0, 0x0,
    0x0, 0xa7, 0x46, 0x66, 0x6c, 0xd6, 0x66, 0x65,
    0x0, 0x0, 0xaf, 0xff, 0xff, 0xff, 0xff, 0xfe,
    0x0, 0x24, 0x0, 0x0, 0xcd, 0x0, 0x0, 0x0,
    0x0, 0x9e, 0x0, 0x6, 0xf3, 0x7, 0x60, 0x0,
    0x0, 0xf7, 0x0, 0x2f, 0x90, 0x8, 0xf2, 0x0,
    0x6, 0xf1, 0x0, 0xcd, 0x0, 0x0, 0xdc, 0x0,
    0xd, 0xb0, 0x9, 0xf3, 0x1, 0x23, 0x8f, 0x60,
    0x3f, 0x50, 0x2f, 0xff, 0xff, 0xff, 0xff, 0xf1,
    0x8e, 0x0, 0x7, 0x76, 0x43, 0x21, 0x1, 0xe5,
    0x1, 0x0, 0x0, 0x0, 0x0, 0x0, 0x0, 0x10,

    /* U+6D4B "测" */
    0x4, 0x70, 0x1, 0x11, 0x11, 0x10, 0x0, 0xe,
    0x10, 0x4f, 0x90, 0xef, 0xff, 0xff, 0x4, 0x10,
    0xf1, 0x0, 0x3e, 0x5e, 0x52, 0x25, 0xf0, 0xd4,
    0xf, 0x10, 0x0, 0x20, 0xe3, 0xa4, 0x3f, 0xd,
    0x40, 0xf1, 0x3, 0x0, 0xe, 0x3d, 0x53, 0xf0,
    0xd4, 0xf, 0x10, 0xeb, 0x0, 0xe3, 0xd5, 0x3f,
    0xd, 0x40, 0xf1, 0x2, 0xed, 0x1e, 0x3d, 0x53,
    0xf0, 0xd4, 0xf, 0x10, 0x1, 0x80, 0xe3, 0xd5,
    0x3f, 0xd, 0x40, 0xf1, 0x0, 0x0, 0xe, 0x3d,
    0x53, 0xf0, 0xd4, 0xf, 0x10, 0x1, 0x90, 0xe3,
    0xe4, 0x3f, 0xd, 0x40, 0xf1, 0x0, 0x5e, 0xe,
    0x4f, 0x33, 0xf0, 0xd4, 0xf, 0x10, 0x9, 0x90,
    0x55, 0xf6, 0x14, 0xd, 0x40, 0xf1, 0x0, 0xe5,
    0x0, 0xac, 0xf6, 0x0, 0x0, 0xf, 0x10, 0x3f,
    0x0, 0x5f, 0x24, 0xf6, 0x0, 0x0, 0xf1, 0x7,
    0xc0, 0x5f, 0x60, 0x5, 0xf2, 0x34, 0x7f, 0x0,
    0xa8, 0xc, 0x80, 0x0, 0x3, 0xe, 0xff, 0x90,
    0x0, 0x0, 0x0, 0x0, 0x0, 0x0, 0x0, 0x0,
    0x0,

    /* U+6E05 "清" */
    0x0, 0x60, 0x0, 0x0, 0x0, 0xb8, 0x0, 0x0,
    0x0, 0x1c, 0xd3, 0x2d, 0xdd, 0xdf, 0xed, 0xdd,
    0xd4, 0x0, 0xa, 0xf2, 0x33, 0x33, 0xca, 0x33,
    0x33, 0x10, 0x0, 0x4, 0x2, 0x33, 0x3c, 0xa3,
    0x33, 0x30, 0x1, 0x0, 0x0, 0x8c, 0xcc, 0xfe,
    0xcc, 0xcb, 0x0, 0xcb, 0x10, 0x1, 0x11, 0x1c,
    0x91, 0x11, 0x10, 0x4, 0xed, 0x2c, 0xff, 0xff,
    0xff, 0xff, 0xff, 0xe0, 0x1, 0xc9, 0x1, 0x11,
    0x11, 0x11, 0x11, 0x0, 0x0, 0x0, 0x0, 0x9f,
    0xff, 0xff, 0xff, 0xf7, 0x0, 0x0, 0x54, 0x9,
    0xa0, 0x0, 0x0, 0xc, 0x70, 0x0, 0xc, 0x90,
    0x9f, 0xff, 0xff, 0xff, 0xf7, 0x0, 0x1, 0xf4,
    0x9, 0xa1, 0x11, 0x11, 0x1c, 0x70, 0x0, 0x6f,
    0x0, 0x9f, 0xdd, 0xdd, 0xdd, 0xf7, 0x0, 0xb,
    0xa0, 0x9, 0xb2, 0x22, 0x22, 0x2d, 0x70, 0x1,
    0xf5, 0x0, 0x9a, 0x0, 0x0, 0x1, 0xe6, 0x0,
    0x3f, 0x10, 0x9, 0xa0, 0x0, 0x8f, 0xfd, 0x20,
    0x0, 0x0, 0x0, 0x0, 0x0, 0x0, 0x0, 0x0,
    0x0,

    /* U+70B9 "点" */
    0x0, 0x0, 0x0, 0x2, 0x0, 0x0, 0x0, 0x0,
    0x0, 0x0, 0x0, 0x3f, 0x30, 0x0, 0x0, 0x0,
    0x0, 0x0, 0x0, 0x3f, 0x86, 0x66, 0x66, 0x62,
    0x0, 0x0, 0x0, 0x3f, 0xff, 0xff, 0xff, 0xf5,
    0x0, 0x0, 0x0, 0x3f, 0x30, 0x0, 0x0, 0x0,
    0x0, 0x0, 0x0, 0x3f, 0x30, 0x0, 0x0, 0x0,
    0x0, 0xff, 0xff, 0xff, 0xff, 0xff, 0xff, 0x0,
    0x0, 0xf9, 0x55, 0x55, 0x55, 0x55, 0x9f, 0x0,
    0x0, 0xf6, 0x0, 0x0, 0x0, 0x0, 0x5f, 0x0,
    0x0, 0xf6, 0x0, 0x0, 0x0, 0x0, 0x5f, 0x0,
    0x0, 0xf9, 0x55, 0x55, 0x55, 0x55, 0x9f, 0x0,
    0x0, 0xef, 0xff, 0xff, 0xff, 0xff, 0xff, 0x0,
    0x0, 0x30, 0x0, 0x0, 0x0, 0x0, 0x3, 0x0,
    0x3, 0xf3, 0x1d, 0x30, 0x2f, 0x20, 0x5f, 0x20,
    0xa, 0xc0, 0xe, 0x70, 0xd, 0x80, 0xc, 0xb0,
    0x2f, 0x40, 0xb, 0xa0, 0x7, 0xe0, 0x4, 0xf4,
    0xbc, 0x0, 0x8, 0xc0, 0x2, 0xc1, 0x0, 0xb8,
    0x12, 0x0, 0x0, 0x0, 0x0, 0x0, 0x0, 0x0,

    /* U+738B "王" */
    0xf, 0xff, 0xff, 0xff, 0xff, 0xff, 0xff, 0xc0,
    0x6, 0x66, 0x66, 0x6e, 0xc6, 0x66, 0x66, 0x50,
    0x0, 0x0, 0x0, 0xd, 0x90, 0x0, 0x0, 0x0,
    0x0, 0x0, 0x0, 0xd, 0x90, 0x0, 0x0, 0x0,
    0x0, 0x0, 0x0, 0xd, 0x90, 0x0, 0x0, 0x0,
    0x0, 0x0, 0x0, 0xd, 0x90, 0x0, 0x0, 0x0,
    0x8, 0xff, 0xff, 0xff, 0xff, 0xff, 0xff, 0x50,
    0x3, 0x66, 0x66, 0x6e, 0xc6, 0x66, 0x66, 0x20,
    0x0, 0x0, 0x0, 0xd, 0x90, 0x0, 0x0, 0x0,
    0x0, 0x0, 0x0, 0xd, 0x90, 0x0, 0x0, 0x0,
    0x0, 0x0, 0x0, 0xd, 0x90, 0x0, 0x0, 0x0,
    0x0, 0x0, 0x0, 0xd, 0x90, 0x0, 0x0, 0x0,
    0x45, 0x55, 0x55, 0x5e, 0xb5, 0x55, 0x55, 0x53,
    0xef, 0xff, 0xff, 0xff, 0xff, 0xff, 0xff, 0xfa,
    0x0, 0x0, 0x0, 0x0, 0x0, 0x0, 0x0, 0x0,

    /* U+751F "生" */
    0x0, 0x0, 0x0, 0x1, 0x30, 0x0, 0x0, 0x0,
    0x0, 0x4, 0x20, 0x5, 0xf1, 0x0, 0x0, 0x0,
    0x0, 0xe, 0x80, 0x5, 0xf1, 0x0, 0x0, 0x0,
    0x0, 0x3f, 0x40, 0x5, 0xf1, 0x0, 0x0, 0x0,
    0x0, 0x9f, 0x77, 0x7a, 0xf7, 0x77, 0x77, 0x71,
    0x1, 0xff, 0xee, 0xef, 0xfe, 0xee, 0xee, 0xe3,
    0x8, 0xf1, 0x0, 0x5, 0xf1, 0x0, 0x0, 0x0,
    0x2f, 0x80, 0x0, 0x5, 0xf1, 0x0, 0x0, 0x0,
    0x5c, 0x0, 0x0, 0x5, 0xf1, 0x0, 0x0, 0x0,
    0x0, 0x66, 0x66, 0x69, 0xf7, 0x66, 0x66, 0x40,
    0x0, 0xff, 0xff, 0xff, 0xff, 0xff, 0xff, 0x90,
    0x0, 0x0, 0x0, 0x5, 0xf1, 0x0, 0x0, 0x0,
    0x0, 0x0, 0x0, 0x5, 0xf1, 0x0, 0x0, 0x0,
    0x0, 0x0, 0x0, 0x5, 0xf1, 0x0, 0x0, 0x0,
    0x0, 0x0, 0x0, 0x5, 0xf1, 0x0, 0x0, 0x0,
    0x8f, 0xff, 0xff, 0xff, 0xff, 0xff, 0xff, 0xfe,
    0x25, 0x55, 0x55, 0x55, 0x55, 0x55, 0x55, 0x54,

    /* U+7535 "电" */
    0x0, 0x0, 0x0, 0x20, 0x0, 0x0, 0x0, 0x0,
    0x0, 0x0, 0x5, 0xf0, 0x0, 0x0, 0x0, 0x0,
    0x0, 0x0, 0x5, 0xf0, 0x0, 0x0, 0x0, 0x0,
    0xef, 0xff, 0xff, 0xff, 0xff, 0xff, 0xe0, 0x0,
    0xea, 0x55, 0x59, 0xf5, 0x55, 0x5a, 0xe0, 0x0,
    0xe7, 0x0, 0x5, 0xf0, 0x0, 0x7, 0xe0, 0x0,
    0xe7, 0x0, 0x5, 0xf0, 0x0, 0x7, 0xe0, 0x0,
    0xef, 0xff, 0xff, 0xff, 0xff, 0xff, 0xe0, 0x0,
    0xea, 0x55, 0x59, 0xf5, 0x55, 0x5a, 0xe0, 0x0,
    0xe7, 0x0, 0x5, 0xf0, 0x0, 0x7, 0xe0, 0x0,
    0xe7, 0x0, 0x5, 0xf0, 0x0, 0x7, 0xe0, 0x0,
    0xef, 0xff, 0xff, 0xff, 0xff, 0xff, 0xe1, 0x20,
    0x45, 0x55, 0x58, 0xf5, 0x55, 0x55, 0x45, 0xf0,
    0x0, 0x0, 0x5, 0xf0, 0x0, 0x0, 0x6, 0xf0,
    0x0, 0x0, 0x5, 0xf1, 0x0, 0x0, 0x7, 0xe0,
    0x0, 0x0, 0x3, 0xf9, 0x55, 0x55, 0x6e, 0xb0,
    0x0, 0x0, 0x0, 0x9f, 0xff, 0xff, 0xfd, 0x30,

    /* U+7684 "的" */
    0x0, 0x3, 0x30, 0x0, 0x1, 0x60, 0x0, 0x0,
    0x0, 0xb, 0xc0, 0x0, 0x6, 0xf0, 0x0, 0x0,
    0x0, 0xe, 0x80, 0x0, 0xb, 0xa0, 0x0, 0x0,
    0x7, 0x8f, 0xa7, 0x70, 0x1f, 0xa6, 0x66, 0x61,
    0x2f, 0xee, 0xef, 0xf1, 0x8f, 0xff, 0xff, 0xf4,
    0x2f, 0x20, 0x3, 0xf2, 0xf7, 0x0, 0x1, 0xf3,
    0x2f, 0x20, 0x3, 0xf9, 0xe0, 0x0, 0x1, 0xf3,
    0x2f, 0x20, 0x3, 0xf1, 0x32, 0x0, 0x2, 0xf2,
    0x2f, 0x20, 0x3, 0xf1, 0x3f, 0x40, 0x2, 0xf2,
    0x2f, 0xff, 0xff, 0xf1, 0x9, 0xe1, 0x3, 0xf1,
    0x2f, 0x86, 0x68, 0xf1, 0x0, 0xdc, 0x3, 0xf1,
    0x2f, 0x20, 0x3, 0xf1, 0x0, 0x3b, 0x14, 0xf0,
    0x2f, 0x20, 0x3, 0xf1, 0x0, 0x0, 0x4, 0xf0,
    0x2f, 0x20, 0x3, 0xf1, 0x0, 0x0, 0x5, 0xf0,
    0x2f, 0x87, 0x79, 0xf1, 0x0, 0x0, 0x6, 0xf0,
    0x2f, 0xff, 0xff, 0xf0, 0x1, 0x66, 0x7e, 0xd0,
    0x2f, 0x20, 0x0, 0x0, 0x1, 0xff, 0xfd, 0x40,

    /* U+79BB "离" */
    0x0, 0x0, 0x0, 0x6, 0x40, 0x0, 0x0, 0x0,
    0x0, 0x0, 0x0, 0xb, 0xb0, 0x0, 0x0, 0x0,
    0xce, 0xee, 0xee, 0xef, 0xfe, 0xee, 0xee, 0xe8,
    0x34, 0x44, 0x65, 0x44, 0x44, 0x84, 0x44, 0x42,
    0x2, 0xa0, 0x9e, 0x81, 0x3b, 0xf3, 0x39, 0x0,
    0x4, 0xf1, 0x4, 0xef, 0xfb, 0x10, 0x6f, 0x0,
    0x4, 0xf1, 0x8e, 0xc6, 0x8f, 0xc4, 0x6f, 0x0,
    0x4, 0xf2, 0x73, 0x0, 0x1, 0x76, 0x6f, 0x0,
    0x4, 0xff, 0xff, 0xff, 0xff, 0xff, 0xff, 0x0,
    0x0, 0x11, 0x11, 0x3f, 0x61, 0x11, 0x11, 0x0,
    0x2, 0x33, 0x33, 0x9f, 0x33, 0x33, 0x33, 0x20,
    0xf, 0xff, 0xff, 0xff, 0xff, 0xff, 0xff, 0xb0,
    0xf, 0x60, 0xa, 0xc0, 0xc, 0x40, 0xa, 0xb0,
    0xf, 0x60, 0x6f, 0x42, 0x39, 0xf2, 0xa, 0xb0,
    0xf, 0x60, 0xbf, 0xfe, 0xdc, 0xcd, 0xa, 0xb0,
    0xf, 0x60, 0x11, 0x0, 0x0, 0x16, 0x3d, 0xa0,
    0xf, 0x60, 0x0, 0x0, 0x0, 0x8f, 0xfe, 0x30,
    0x1, 0x0, 0x0, 0x0, 0x0, 0x0, 0x0, 0x0,

    /* U+79CD "种" */
    0x0, 0x0, 0x0, 0x0, 0x0, 0x6, 0x30, 0x0,
    0x0, 0x0, 0x2, 0x68, 0x0, 0x0, 0xe6, 0x0,
    0x0, 0x8, 0xcf, 0xff, 0xa0, 0x0, 0xe, 0x60,
    0x0, 0x0, 0x88, 0xbc, 0x0, 0x0, 0x0, 0xe6,
    0x0, 0x0, 0x0, 0x8, 0xc0, 0x6, 0xff, 0xff,
    0xff, 0xff, 0x50, 0x11, 0x9c, 0x11, 0x6e, 0x55,
    0xe9, 0x55, 0xf5, 0xe, 0xff, 0xff, 0xf6, 0xd0,
    0xe, 0x60, 0xf, 0x50, 0x33, 0xbc, 0x33, 0x6d,
    0x0, 0xe6, 0x0, 0xf5, 0x0, 0x1f, 0xe2, 0x6,
    0xd0, 0xe, 0x60, 0xf, 0x50, 0x7, 0xff, 0xe2,
    0x6d, 0x0, 0xe6, 0x0, 0xf5, 0x0, 0xeb, 0xc9,
    0xe7, 0xfe, 0xef, 0xfe, 0xef, 0x50, 0x8b, 0x8c,
    0x5, 0x27, 0x66, 0xea, 0x66, 0x72, 0x1f, 0x28,
    0xc0, 0x0, 0x0, 0xe, 0x60, 0x0, 0x0, 0x60,
    0x8c, 0x0, 0x0, 0x0, 0xe6, 0x0, 0x0, 0x0,
    0x8, 0xc0, 0x0, 0x0, 0xe, 0x60, 0x0, 0x0,
    0x0, 0x8c, 0x0, 0x0, 0x0, 0xe6, 0x0, 0x0,
    0x0, 0x8, 0xc0, 0x0, 0x0, 0xe, 0x60, 0x0,
    0x0,

    /* U+79FB "移" */
    0x0, 0x0, 0x0, 0x0, 0x0, 0x0, 0x0, 0x0,
    0x0, 0x0, 0x0, 0x4, 0x0, 0x5, 0xe0, 0x0,
    0x0, 0x3, 0x69, 0xcf, 0xf1, 0x2, 0xfa, 0x44,
    0x44, 0x10, 0xbd, 0xde, 0x40, 0x2, 0xee, 0xee,
    0xee, 0xf4, 0x0, 0x7, 0xd0, 0x4, 0xef, 0x20,
    0x0, 0xca, 0x0, 0x0, 0x7d, 0x0, 0xb7, 0x8f,
    0x42, 0xdb, 0x0, 0xd, 0xff, 0xff, 0xf0, 0x0,
    0x48, 0xf7, 0x0, 0x0, 0x23, 0xbd, 0x33, 0x4,
    0x9f, 0xe7, 0x0, 0x0, 0x0, 0x1f, 0xe1, 0xe,
    0xe9, 0x3d, 0x70, 0x0, 0x0, 0x7, 0xff, 0xe4,
    0x20, 0xb, 0xff, 0xff, 0xfa, 0x0, 0xda, 0xd6,
    0xd0, 0x1c, 0xc3, 0x33, 0x4f, 0x70, 0x7b, 0x7d,
    0x0, 0x4e, 0xf9, 0x0, 0xb, 0xd0, 0xe, 0x37,
    0xd0, 0x5f, 0x82, 0xdb, 0xa, 0xe1, 0x0, 0x50,
    0x7d, 0x0, 0x30, 0x1, 0x6d, 0xd2, 0x0, 0x0,
    0x7, 0xd0, 0x0, 0x3, 0xaf, 0x91, 0x0, 0x0,
    0x0, 0x7d, 0x2, 0x7c, 0xfb, 0x30, 0x0, 0x0,
    0x0, 0x7, 0xd0, 0xbd, 0x82, 0x0, 0x0, 0x0,
    0x0, 0x0, 0x0, 0x0, 0x0, 0x0, 0x0, 0x0,
    0x0,

    /* U+7B97 "算" */
    0x0, 0x6, 0x10, 0x0, 0x1, 0x60, 0x0, 0x0,
    0x0, 0x5f, 0x10, 0x0, 0xa, 0xc0, 0x0, 0x0,
    0x1, 0xef, 0xff, 0xff, 0x6f, 0xff, 0xff, 0xfc,
    0xc, 0xb1, 0xc9, 0x12, 0xe9, 0x18, 0xc1, 0x11,
    0x9d, 0x10, 0x28, 0x2, 0xa0, 0x0, 0x91, 0x0,
    0x12, 0xdf, 0xff, 0xff, 0xff, 0xff, 0xfd, 0x0,
    0x0, 0xe6, 0x11, 0x11, 0x11, 0x11, 0x7e, 0x0,
    0x0, 0xef, 0xee, 0xee, 0xee, 0xee, 0xfe, 0x0,
    0x0, 0xe6, 0x0, 0x0, 0x0, 0x0, 0x6e, 0x0,
    0x0, 0xee, 0xee, 0xee, 0xee, 0xee, 0xee, 0x0,
    0x0, 0xe6, 0x11, 0x11, 0x11, 0x11, 0x6e, 0x0,
    0x0, 0xdf, 0xff, 0xff, 0xff, 0xff, 0xfd, 0x0,
    0x0, 0x0, 0xb9, 0x0, 0x0, 0x5e, 0x0, 0x0,
    0xbc, 0xcc, 0xfe, 0xcc, 0xcc, 0xdf, 0xcc, 0xcb,
    0x45, 0x57, 0xf7, 0x55, 0x55, 0x8f, 0x55, 0x54,
    0x0, 0x5e, 0xa0, 0x0, 0x0, 0x5e, 0x0, 0x0,
    0x7, 0xe7, 0x0, 0x0, 0x0, 0x5e, 0x0, 0x0,
    0x0, 0x0, 0x0, 0x0, 0x0, 0x0, 0x0, 0x0,

    /* U+7CD5 "糕" */
    0x0, 0x2, 0x50, 0x0, 0x3, 0x0, 0x1, 0x30,
    0x0, 0x0, 0x7c, 0x0, 0x5, 0xe0, 0x0, 0x8d,
    0x0, 0x9, 0x7, 0xc0, 0x73, 0xd, 0x80, 0xe,
    0x60, 0x0, 0xd4, 0x7c, 0xe, 0x55, 0xa9, 0x59,
    0xf5, 0x51, 0x8, 0x97, 0xc4, 0xd6, 0xee, 0xef,
    0xee, 0xee, 0x50, 0x3e, 0x7c, 0xa7, 0x0, 0x0,
    0xe6, 0x0, 0x0, 0x0, 0x37, 0xc2, 0x0, 0x0,
    0xe, 0x60, 0x0, 0x0, 0xad, 0xef, 0xdc, 0x1f,
    0xff, 0xff, 0xff, 0xe0, 0x6, 0x7d, 0xe7, 0x70,
    0x44, 0x4f, 0x84, 0x44, 0x0, 0x1, 0xfd, 0x0,
    0x0, 0x0, 0xe6, 0x0, 0x0, 0x0, 0x8f, 0xfb,
    0x2, 0x44, 0x4f, 0x84, 0x44, 0x20, 0x1f, 0xad,
    0xdb, 0xbf, 0xff, 0xff, 0xff, 0xfa, 0xb, 0xb7,
    0xc1, 0x31, 0x20, 0x10, 0x20, 0x23, 0x0, 0xd2,
    0x7c, 0x0, 0x7a, 0x4c, 0xe, 0x37, 0xc0, 0x1,
    0x7, 0xc0, 0xc, 0x62, 0xe0, 0xa8, 0x1f, 0x20,
    0x0, 0x7c, 0x2, 0xf1, 0xf, 0x17, 0xb0, 0xa8,
    0x0, 0x7, 0xc0, 0x6a, 0x0, 0x91, 0x27, 0x4,
    0x80, 0x0, 0x0, 0x0, 0x0, 0x0, 0x0, 0x0,
    0x0,

    /* U+7D22 "索" */
    0x0, 0x0, 0x0, 0x7, 0x30, 0x0, 0x0, 0x0,
    0x0, 0x0, 0x0, 0xe, 0x60, 0x0, 0x0, 0x0,
    0xd, 0xff, 0xff, 0xff, 0xff, 0xff, 0xff, 0xd0,
    0x3, 0x33, 0x33, 0x3e, 0x83, 0x33, 0x33, 0x30,
    0x0, 0x0, 0x0, 0xe, 0x60, 0x0, 0x0, 0x0,
    0x4f, 0xff, 0xff, 0xff, 0xff, 0xff, 0xff, 0xf4,
    0x4f, 0x54, 0x44, 0xde, 0x54, 0x44, 0x45, 0xf4,
    0x4f, 0x10, 0x3d, 0xc1, 0x0, 0x7d, 0x1, 0xf4,
    0x14, 0x19, 0xfa, 0x44, 0x5c, 0xd4, 0x0, 0x41,
    0x0, 0x6d, 0xcc, 0xef, 0xd5, 0x5, 0x0, 0x0,
    0x0, 0x3, 0x8d, 0xb4, 0x0, 0x1b, 0xc2, 0x0,
    0x4, 0xef, 0xfd, 0xcd, 0xef, 0xff, 0xff, 0x60,
    0x1, 0x76, 0x65, 0x4b, 0xd3, 0x32, 0x14, 0xb0,
    0x0, 0x4, 0xe2, 0xa, 0xc0, 0xab, 0x30, 0x0,
    0x2, 0xbf, 0x80, 0xa, 0xc0, 0x4c, 0xfb, 0x20,
    0x9f, 0xc3, 0x3, 0x4d, 0xb0, 0x0, 0x4c, 0xf9,
    0x75, 0x0, 0x1f, 0xfe, 0x40, 0x0, 0x0, 0x56,

    /* U+7EAA "纪" */
    0x0, 0x0, 0x20, 0x0, 0x0, 0x0, 0x0, 0x0,
    0x0, 0x0, 0xd, 0x90, 0x0, 0x0, 0x0, 0x0,
    0x0, 0x0, 0x6, 0xf1, 0x1, 0xff, 0xff, 0xff,
    0xf7, 0x0, 0x0, 0xe8, 0x0, 0x5, 0x55, 0x55,
    0x5f, 0x70, 0x0, 0x9e, 0x0, 0xd5, 0x0, 0x0,
    0x0, 0xe7, 0x0, 0x4f, 0x40, 0x7f, 0x10, 0x0,
    0x0, 0xe, 0x70, 0xc, 0xfd, 0xef, 0x70, 0x0,
    0x0, 0x0, 0xe7, 0x0, 0x67, 0x5e, 0xd0, 0x6,
    0x66, 0x66, 0x6f, 0x70, 0x0, 0x7, 0xf3, 0x0,
    0xef, 0xff, 0xff, 0xf7, 0x0, 0x3, 0xf7, 0x0,
    0xe, 0x70, 0x0, 0x0, 0x0, 0x2, 0xed, 0x57,
    0xa1, 0xe7, 0x0, 0x0, 0x0, 0x0, 0x7f, 0xff,
    0xec, 0x1e, 0x70, 0x0, 0x0, 0x10, 0x2, 0x53,
    0x10, 0x0, 0xe7, 0x0, 0x0, 0xe, 0x70, 0x0,
    0x0, 0x0, 0xe, 0x70, 0x0, 0x0, 0xe6, 0x3,
    0x58, 0xbe, 0xf4, 0xe8, 0x0, 0x0, 0xf, 0x50,
    0xff, 0xfc, 0xa7, 0x2d, 0xe6, 0x55, 0x59, 0xf3,
    0x3, 0x10, 0x0, 0x0, 0x5e, 0xff, 0xff, 0xfa,
    0x0,

    /* U+7EBF "线" */
    0x0, 0x3, 0x10, 0x0, 0x23, 0x0, 0x0, 0x0,
    0x0, 0xd, 0x70, 0x0, 0x8d, 0x9, 0xa0, 0x0,
    0x0, 0x5e, 0x0, 0x0, 0x7e, 0x1, 0xda, 0x0,
    0x0, 0xd7, 0x0, 0x0, 0x6f, 0x0, 0x19, 0x0,
    0x7, 0xe0, 0x2a, 0x13, 0x9f, 0x8a, 0xce, 0xf8,
    0x3f, 0x51, 0xac, 0x4f, 0xff, 0xb8, 0x65, 0x31,
    0x8f, 0xff, 0xf3, 0x0, 0x2f, 0x30, 0x0, 0x0,
    0x25, 0x3d, 0xa0, 0x0, 0xf, 0x75, 0x79, 0xbc,
    0x0, 0x8e, 0x10, 0x8d, 0xff, 0xff, 0xdb, 0x97,
    0x3, 0xf4, 0x0, 0x67, 0x5c, 0x90, 0x2, 0x90,
    0x1e, 0xd7, 0xab, 0x0, 0x9, 0xc0, 0x2e, 0xa0,
    0x2f, 0xec, 0xa7, 0x0, 0x6, 0xf3, 0xea, 0x0,
    0x1, 0x0, 0x0, 0x0, 0x2, 0xff, 0x90, 0x57,
    0x0, 0x1, 0x36, 0x0, 0x2b, 0xfb, 0x0, 0x9a,
    0x6b, 0xef, 0xff, 0x39, 0xfc, 0x9f, 0x20, 0xd6,
    0x8a, 0x85, 0x20, 0xbe, 0x60, 0xc, 0xd9, 0xf1,
    0x0, 0x0, 0x0, 0x10, 0x0, 0x1, 0xcf, 0x70,

    /* U+7ED3 "结" */
    0x0, 0x4, 0x10, 0x0, 0x0, 0x42, 0x0, 0x0,
    0x0, 0x1f, 0x40, 0x0, 0x0, 0xd8, 0x0, 0x0,
    0x0, 0x8c, 0x0, 0x0, 0x0, 0xd8, 0x0, 0x0,
    0x1, 0xf4, 0x0, 0xef, 0xff, 0xff, 0xff, 0xfc,
    0xa, 0xb0, 0x49, 0x55, 0x55, 0xea, 0x55, 0x54,
    0x4f, 0x32, 0xca, 0x0, 0x0, 0xd8, 0x0, 0x0,
    0xbf, 0xff, 0xf1, 0x0, 0x0, 0xd8, 0x0, 0x0,
    0x34, 0x3e, 0x80, 0x8f, 0xff, 0xff, 0xff, 0xf4,
    0x0, 0x9d, 0x0, 0x25, 0x55, 0x55, 0x55, 0x51,
    0x4, 0xf4, 0x0, 0x0, 0x0, 0x0, 0x0, 0x0,
    0x1e, 0xa3, 0x63, 0x5, 0x55, 0x55, 0x55, 0x40,
    0x5f, 0xff, 0xe5, 0x2f, 0xee, 0xee, 0xef, 0xc0,
    0x15, 0x30, 0x0, 0x2f, 0x20, 0x0, 0x9, 0xc0,
    0x0, 0x0, 0x1, 0x2f, 0x20, 0x0, 0x9, 0xc0,
    0x69, 0xbe, 0xfb, 0x2f, 0x42, 0x22, 0x2a, 0xc0,
    0xbc, 0x97, 0x41, 0x2f, 0xff, 0xff, 0xff, 0xc0,
    0x0, 0x0, 0x0, 0x2f, 0x31, 0x11, 0x19, 0xc0,

    /* U+7EEA "绪" */
    0x0, 0x6, 0x0, 0x0, 0x6, 0x10, 0x0, 0x0,
    0x0, 0x4f, 0x10, 0x0, 0xf, 0x40, 0x0, 0x20,
    0x0, 0xc9, 0x0, 0x12, 0x3f, 0x62, 0x21, 0xf6,
    0x5, 0xf1, 0x0, 0x6f, 0xff, 0xff, 0xfa, 0xd0,
    0xd, 0x70, 0x66, 0x0, 0x1f, 0x40, 0x6f, 0x40,
    0x8e, 0x23, 0xf7, 0x0, 0xf, 0x43, 0xf8, 0x0,
    0xdf, 0xff, 0xd5, 0xee, 0xef, 0xef, 0xfe, 0xed,
    0x32, 0x5f, 0x31, 0x44, 0x4a, 0xfa, 0x44, 0x44,
    0x1, 0xe8, 0x0, 0x0, 0xaf, 0x70, 0x0, 0x0,
    0xb, 0xd0, 0x0, 0x5e, 0xff, 0xee, 0xee, 0x70,
    0x7f, 0xaa, 0xd9, 0xff, 0x94, 0x44, 0x4c, 0x80,
    0x7e, 0xc9, 0x72, 0x2c, 0x70, 0x0, 0xb, 0x80,
    0x0, 0x0, 0x0, 0xc, 0xff, 0xff, 0xff, 0x80,
    0x0, 0x3, 0x63, 0xc, 0x82, 0x22, 0x2c, 0x80,
    0x9d, 0xff, 0xf6, 0xc, 0x70, 0x0, 0xb, 0x80,
    0x99, 0x64, 0x10, 0xc, 0xff, 0xff, 0xff, 0x80,
    0x0, 0x0, 0x0, 0xc, 0x82, 0x22, 0x2c, 0x80,

    /* U+804A "聊" */
    0x0, 0x0, 0x0, 0x0, 0x0, 0x0, 0x0, 0x0,
    0x44, 0x44, 0x44, 0x0, 0x3a, 0x80, 0x0, 0x0,
    0xcf, 0xdd, 0xfd, 0x5e, 0xfa, 0x2d, 0xff, 0xf2,
    0x1f, 0x0, 0xf1, 0x8a, 0x10, 0xe, 0x63, 0xf2,
    0x1f, 0x0, 0xf1, 0x89, 0xe, 0x3e, 0x30, 0xe2,
    0x1f, 0x55, 0xf1, 0x89, 0xe, 0x3e, 0x30, 0xe2,
    0x1f, 0xee, 0xf1, 0x89, 0xe, 0x3e, 0x30, 0xe2,
    0x1f, 0x0, 0xf1, 0x89, 0xe, 0x3e, 0x30, 0xe2,
    0x1f, 0x0, 0xf1, 0x89, 0xe, 0x3e, 0x30, 0xe2,
    0x1f, 0xff, 0xf1, 0x89, 0xe, 0x2e, 0x30, 0xe2,
    0x1f, 0x43, 0xf1, 0x8b, 0xcf, 0x2e, 0x30, 0xe2,
    0x1f, 0x0, 0xf1, 0xcf, 0x9f, 0x1e, 0x30, 0xe2,
    0x1f, 0x1, 0xf7, 0x73, 0x3f, 0xe, 0x68, 0xf1,
    0x9f, 0xef, 0xfd, 0x10, 0x8c, 0xe, 0x7d, 0x90,
    0x88, 0x53, 0xf1, 0x1, 0xe6, 0xe, 0x30, 0x0,
    0x0, 0x0, 0xf1, 0x1d, 0xc0, 0xe, 0x30, 0x0,
    0x0, 0x0, 0xf1, 0xad, 0x10, 0xe, 0x30, 0x0,
    0x0, 0x0, 0x0, 0x0, 0x0, 0x1, 0x0, 0x0,

    /* U+86CB "蛋" */
    0x2, 0x33, 0x33, 0x33, 0x33, 0x33, 0x33, 0x33,
    0x0, 0xaf, 0xff, 0xff, 0xff, 0xff, 0xff, 0xff,
    0xf1, 0x0, 0x2, 0x80, 0x0, 0xc8, 0x0, 0x0,
    0x6c, 0x0, 0x0, 0x6c, 0x0, 0xc, 0xec, 0xcc,
    0xc7, 0x0, 0x0, 0xb, 0xf3, 0x0, 0xca, 0x33,
    0x33, 0x20, 0x0, 0x2, 0xf9, 0xf8, 0x4c, 0x91,
    0x11, 0x11, 0x10, 0x0, 0xc8, 0x4, 0xbe, 0xff,
    0xff, 0xff, 0xff, 0x90, 0xbc, 0x0, 0x0, 0x0,
    0x11, 0x11, 0x11, 0x10, 0x6, 0x12, 0x22, 0x22,
    0x88, 0x22, 0x22, 0x20, 0x0, 0x2, 0xff, 0xff,
    0xff, 0xff, 0xff, 0xff, 0x0, 0x0, 0x2f, 0x20,
    0x0, 0xb9, 0x0, 0x4, 0xf0, 0x0, 0x2, 0xfe,
    0xee, 0xef, 0xfe, 0xee, 0xef, 0x0, 0x0, 0x3,
    0x33, 0x33, 0xcb, 0x33, 0x34, 0x30, 0x0, 0x0,
    0x0, 0x0, 0xb, 0x90, 0x0, 0xc7, 0x0, 0x0,
    0x0, 0x11, 0x12, 0xba, 0x33, 0x49, 0xf5, 0x0,
    0xbf, 0xff, 0xff, 0xff, 0xfe, 0xed, 0xdd, 0xf2,
    0x2, 0x22, 0x11, 0x0, 0x0, 0x0, 0x0, 0x8,
    0x20,

    /* U+8868 "表" */
    0x0, 0x0, 0x0, 0x0, 0x0, 0x0, 0x0, 0x0,
    0x0, 0x0, 0x0, 0x0, 0xa, 0xa0, 0x0, 0x0,
    0x0, 0x1, 0x33, 0x33, 0x33, 0xbb, 0x33, 0x33,
    0x33, 0x0, 0x4f, 0xff, 0xff, 0xff, 0xff, 0xff,
    0xff, 0xf4, 0x0, 0x0, 0x0, 0x0, 0xaa, 0x0,
    0x0, 0x0, 0x0, 0x2, 0x44, 0x44, 0x4b, 0xc4,
    0x44, 0x44, 0x20, 0x0, 0x8f, 0xff, 0xff, 0xff,
    0xff, 0xff, 0xf8, 0x0, 0x0, 0x0, 0x0, 0xa,
    0xa0, 0x0, 0x0, 0x0, 0x5, 0x55, 0x55, 0x55,
    0xcc, 0x55, 0x55, 0x55, 0x50, 0xbd, 0xdd, 0xdd,
    0xef, 0xfd, 0xdd, 0xdd, 0xdb, 0x0, 0x0, 0x0,
    0x5f, 0xbf, 0x20, 0x0, 0x71, 0x0, 0x0, 0x0,
    0x8f, 0x70, 0xcb, 0x3, 0xdf, 0x40, 0x0, 0x4,
    0xdf, 0xb0, 0x2, 0xfc, 0xfa, 0x10, 0x0, 0x4b,
    0xfb, 0xba, 0x0, 0x5, 0xfb, 0x0, 0x0, 0xd,
    0xc4, 0x9, 0xa0, 0x3, 0x44, 0xee, 0x71, 0x0,
    0x10, 0x0, 0x9c, 0x8d, 0xf9, 0x1, 0x8f, 0xfa,
    0x0, 0x0, 0x1f, 0xfc, 0x72, 0x0, 0x0, 0x5,
    0x40, 0x0, 0x0, 0x62, 0x0, 0x0, 0x0, 0x0,
    0x0,

    /* U+88C5 "装" */
    0x0, 0x0, 0x0, 0x0, 0x0, 0x0, 0x0, 0x0,
    0x0, 0x20, 0x3, 0xf0, 0x0, 0x4, 0xf0, 0x0,
    0x0, 0xc, 0xa0, 0x3f, 0x0, 0x0, 0x4f, 0x0,
    0x0, 0x0, 0x1d, 0x93, 0xf3, 0xee, 0xee, 0xfe,
    0xee, 0xe0, 0x0, 0x19, 0x4f, 0x14, 0x44, 0x7f,
    0x44, 0x44, 0x0, 0x1, 0x9f, 0xf0, 0x0, 0x4,
    0xf0, 0x0, 0x0, 0x29, 0xfb, 0x6f, 0x8, 0x99,
    0xbf, 0x99, 0x94, 0x3, 0xc3, 0x3, 0xf0, 0x68,
    0x77, 0x77, 0x77, 0x30, 0x0, 0x0, 0x19, 0x8,
    0xc0, 0x0, 0x0, 0x0, 0x2, 0x44, 0x44, 0x44,
    0x7f, 0x64, 0x44, 0x44, 0x40, 0x7e, 0xee, 0xee,
    0xff, 0xfe, 0xee, 0xee, 0xed, 0x0, 0x0, 0x0,
    0x3e, 0xce, 0x60, 0x0, 0x63, 0x0, 0x0, 0x1,
    0x9f, 0x90, 0x6f, 0x34, 0xce, 0x50, 0x0, 0x18,
    0xff, 0xf0, 0x0, 0x9f, 0xf8, 0x10, 0x0, 0x8f,
    0xe6, 0x5f, 0x0, 0x2, 0x9f, 0xa2, 0x0, 0x5,
    0x50, 0x4, 0xf5, 0xaf, 0x90, 0x4d, 0xfc, 0x70,
    0x0, 0x0, 0xbf, 0xe9, 0x40, 0x0, 0x4, 0xab,
    0x0, 0x0, 0x5, 0x40, 0x0, 0x0, 0x0, 0x0,
    0x0,

    /* U+8981 "要" */
    0x2, 0x44, 0x44, 0x44, 0x44, 0x44, 0x44, 0x44,
    0x10, 0x9f, 0xff, 0xff, 0xff, 0xff, 0xff, 0xff,
    0xf6, 0x0, 0x0, 0x0, 0xb8, 0x0, 0xb8, 0x0,
    0x0, 0x0, 0x3, 0x44, 0x4c, 0xa4, 0x4c, 0xa4,
    0x44, 0x20, 0x0, 0xdf, 0xee, 0xff, 0xee, 0xff,
    0xee, 0xfa, 0x0, 0xd, 0x70, 0xb, 0x80, 0xb,
    0x80, 0xa, 0xa0, 0x0, 0xda, 0x44, 0xca, 0x44,
    0xca, 0x44, 0xca, 0x0, 0xb, 0xee, 0xee, 0xee,
    0xee, 0xee, 0xee, 0x90, 0x0, 0x0, 0x0, 0xb8,
    0x0, 0x0, 0x0, 0x0, 0x0, 0x22, 0x22, 0x6f,
    0x72, 0x22, 0x22, 0x22, 0x22, 0xf, 0xff, 0xff,
    0xff, 0xff, 0xff, 0xff, 0xff, 0xc0, 0x0, 0xb,
    0xe1, 0x0, 0x0, 0x9f, 0x20, 0x0, 0x0, 0x4,
    0xff, 0xa6, 0x10, 0x7f, 0x50, 0x0, 0x0, 0x0,
    0x0, 0x48, 0xdf, 0xef, 0x80, 0x0, 0x0, 0x0,
    0x2, 0x47, 0xae, 0xe9, 0xcf, 0xe8, 0x30, 0x0,
    0x7f, 0xff, 0xc8, 0x40, 0x0, 0x16, 0xcf, 0xd0,
    0x1, 0x42, 0x0, 0x0, 0x0, 0x0, 0x0, 0x14,
    0x0,

    /* U+8BA1 "计" */
    0x0, 0x1, 0x0, 0x0, 0x0, 0x17, 0x0, 0x0,
    0x0, 0xb, 0xc0, 0x0, 0x0, 0x4, 0xf1, 0x0,
    0x0, 0x0, 0x3f, 0x80, 0x0, 0x0, 0x4f, 0x10,
    0x0, 0x0, 0x0, 0x7f, 0x40, 0x0, 0x4, 0xf1,
    0x0, 0x0, 0x0, 0x0, 0xb7, 0x0, 0x0, 0x4f,
    0x10, 0x0, 0x0, 0x0, 0x0, 0x0, 0x0, 0x4,
    0xf1, 0x0, 0x0, 0x18, 0x88, 0x30, 0x33, 0x33,
    0x7f, 0x43, 0x33, 0x22, 0xee, 0xf7, 0xe, 0xff,
    0xff, 0xff, 0xff, 0xfa, 0x0, 0xe, 0x70, 0x22,
    0x22, 0x6f, 0x32, 0x22, 0x10, 0x0, 0xe7, 0x0,
    0x0, 0x4, 0xf1, 0x0, 0x0, 0x0, 0xe, 0x70,
    0x0, 0x0, 0x4f, 0x10, 0x0, 0x0, 0x0, 0xe7,
    0x0, 0x0, 0x4, 0xf1, 0x0, 0x0, 0x0, 0xe,
    0x70, 0x94, 0x0, 0x4f, 0x10, 0x0, 0x0, 0x0,
    0xe9, 0xcf, 0x40, 0x4, 0xf1, 0x0, 0x0, 0x0,
    0xf, 0xfc, 0x20, 0x0, 0x4f, 0x10, 0x0, 0x0,
    0x4, 0xf9, 0x0, 0x0, 0x4, 0xf1, 0x0, 0x0,
    0x0, 0x3, 0x0, 0x0, 0x0, 0x4f, 0x10, 0x0,
    0x0,

    /* U+8BD5 "试" */
    0x0, 0x0, 0x0, 0x0, 0x0, 0x47, 0x1, 0x0,
    0x1, 0xe4, 0x0, 0x0, 0x0, 0x7, 0xd3, 0xf3,
    0x0, 0xa, 0xf2, 0x0, 0x0, 0x0, 0x7e, 0x7,
    0xf3, 0x0, 0xd, 0xd1, 0x0, 0x0, 0x6, 0xe0,
    0x6, 0x0, 0x0, 0x2a, 0x2f, 0xff, 0xff, 0xff,
    0xff, 0xfc, 0x0, 0x0, 0x0, 0x66, 0x66, 0x69,
    0xf6, 0x66, 0x40, 0x89, 0x91, 0x0, 0x0, 0x0,
    0x4f, 0x0, 0x0, 0xb, 0xcf, 0x20, 0x0, 0x0,
    0x3, 0xf1, 0x0, 0x0, 0x3, 0xf2, 0xe, 0xff,
    0xff, 0x4f, 0x20, 0x0, 0x0, 0x3f, 0x20, 0x45,
    0xf8, 0x51, 0xf3, 0x0, 0x0, 0x3, 0xf2, 0x0,
    0xf, 0x40, 0xf, 0x40, 0x0, 0x0, 0x3f, 0x20,
    0x0, 0xf4, 0x0, 0xd7, 0x0, 0x0, 0x3, 0xf2,
    0xa2, 0xf, 0x40, 0xa, 0xa0, 0xc, 0x0, 0x3f,
    0xbe, 0x20, 0xf4, 0x12, 0x7e, 0x2, 0xf0, 0x3,
    0xff, 0x44, 0x7f, 0xef, 0x93, 0xf4, 0x5c, 0x0,
    0x8f, 0x42, 0xfe, 0xb8, 0x41, 0xd, 0xed, 0x80,
    0x1, 0x40, 0x1, 0x0, 0x0, 0x0, 0x2d, 0xd1,
    0x0,

    /* U+8BE2 "询" */
    0x0, 0x0, 0x0, 0x2, 0x0, 0x0, 0x0, 0x0,
    0x9, 0x0, 0x0, 0x1f, 0x70, 0x0, 0x0, 0x0,
    0x1d, 0xb0, 0x0, 0x8f, 0x54, 0x44, 0x44, 0x40,
    0x2, 0xf8, 0x1, 0xff, 0xff, 0xff, 0xff, 0xf0,
    0x0, 0x58, 0xb, 0xc1, 0x11, 0x11, 0x15, 0xf0,
    0x0, 0x0, 0x6f, 0x30, 0x0, 0x0, 0x5, 0xf0,
    0x33, 0x31, 0xea, 0xdd, 0xdd, 0xdc, 0x5, 0xf0,
    0xef, 0xf2, 0x23, 0xf6, 0x66, 0x9e, 0x5, 0xf0,
    0x13, 0xf2, 0x3, 0xf0, 0x0, 0x5e, 0x5, 0xf0,
    0x2, 0xf2, 0x3, 0xf3, 0x33, 0x7e, 0x5, 0xf0,
    0x2, 0xf2, 0x3, 0xff, 0xff, 0xfe, 0x6, 0xf0,
    0x2, 0xf2, 0x3, 0xf0, 0x0, 0x5e, 0x6, 0xf0,
    0x2, 0xf2, 0x3, 0xf0, 0x0, 0x5e, 0x6, 0xf0,
    0x2, 0xf4, 0xd4, 0xff, 0xff, 0xfe, 0x6, 0xf0,
    0x2, 0xff, 0xb1, 0x55, 0x55, 0x54, 0x7, 0xe0,
    0x6, 0xfb, 0x0, 0x0, 0x0, 0x55, 0x6e, 0xc0,
    0x3, 0xa0, 0x0, 0x0, 0x0, 0xff, 0xfd, 0x30,

    /* U+8BED "语" */
    0xa, 0x30, 0x3, 0x44, 0x44, 0x44, 0x44, 0x41,
    0xb, 0xe1, 0xd, 0xff, 0xff, 0xff, 0xff, 0xf5,
    0x0, 0xdc, 0x0, 0x0, 0xd7, 0x0, 0x0, 0x0,
    0x0, 0x2a, 0x1, 0x12, 0xf6, 0x11, 0x11, 0x0,
    0x0, 0x0, 0xa, 0xff, 0xff, 0xff, 0xff, 0x20,
    0x77, 0x71, 0x0, 0x17, 0xe1, 0x11, 0x4f, 0x10,
    0xab, 0xf2, 0x0, 0xa, 0xb0, 0x0, 0x4f, 0x10,
    0x2, 0xf2, 0x6d, 0xdf, 0xfd, 0xdd, 0xef, 0xdc,
    0x2, 0xf2, 0x36, 0x66, 0x66, 0x66, 0x66, 0x65,
    0x2, 0xf2, 0x0, 0x0, 0x0, 0x0, 0x0, 0x0,
    0x2, 0xf2, 0x0, 0xff, 0xff, 0xff, 0xff, 0x80,
    0x2, 0xf2, 0x22, 0xf7, 0x44, 0x44, 0x4d, 0x90,
    0x2, 0xf6, 0xe6, 0xf4, 0x0, 0x0, 0xc, 0x90,
    0x2, 0xff, 0xa0, 0xf4, 0x0, 0x0, 0xc, 0x90,
    0x6, 0xf7, 0x0, 0xff, 0xff, 0xff, 0xff, 0x90,
    0x0, 0x40, 0x0, 0xf6, 0x22, 0x22, 0x2d, 0x90,

    /* U+8BF4 "说" */
    0x0, 0x0, 0x0, 0x1, 0x0, 0x0, 0x0, 0x0,
    0x9, 0x30, 0x0, 0xab, 0x0, 0x0, 0xc7, 0x0,
    0xc, 0xe1, 0x0, 0x2f, 0x60, 0x5, 0xf2, 0x0,
    0x1, 0xeb, 0x0, 0x8, 0xe0, 0xe, 0x90, 0x0,
    0x0, 0x4c, 0x13, 0x88, 0xa8, 0xbf, 0x98, 0x30,
    0x0, 0x0, 0x5, 0xfb, 0xbb, 0xbb, 0xbf, 0x60,
    0x55, 0x50, 0x5, 0xe0, 0x0, 0x0, 0xe, 0x60,
    0xff, 0xf2, 0x5, 0xe0, 0x0, 0x0, 0xe, 0x60,
    0x2, 0xf2, 0x5, 0xe0, 0x0, 0x0, 0xe, 0x60,
    0x2, 0xf2, 0x5, 0xff, 0xff, 0xff, 0xff, 0x60,
    0x2, 0xf2, 0x2, 0x5a, 0xf5, 0x7f, 0x75, 0x20,
    0x2, 0xf2, 0x0, 0x7, 0xd0, 0x2f, 0x30, 0x0,
    0x2, 0xf2, 0x43, 0xa, 0xb0, 0x2f, 0x30, 0x56,
    0x2, 0xf8, 0xf5, 0xe, 0x70, 0x2f, 0x30, 0x8b,
    0x2, 0xff, 0x80, 0x8f, 0x10, 0x2f, 0x30, 0x8b,
    0x7, 0xf6, 0x8, 0xf6, 0x0, 0x1f, 0x85, 0xca,
    0x0, 0x30, 0x9f, 0x70, 0x0, 0xb, 0xff, 0xe4,
    0x0, 0x0, 0x14, 0x0, 0x0, 0x0, 0x0, 0x0,

    /* U+8BFE "课" */
    0x5, 0x30, 0x1, 0x22, 0x22, 0x22, 0x22, 0x10,
    0x0, 0xbe, 0x10, 0x7f, 0xff, 0xff, 0xff, 0xfb,
    0x0, 0x1, 0xea, 0x7, 0xc0, 0x8, 0xb0, 0x9,
    0xb0, 0x0, 0x5, 0xf2, 0x7d, 0x22, 0x9c, 0x22,
    0xab, 0x0, 0x0, 0x1, 0x7, 0xfe, 0xef, 0xfe,
    0xef, 0xb0, 0x2, 0x33, 0x0, 0x7c, 0x0, 0x8b,
    0x0, 0x9b, 0x0, 0xef, 0xf0, 0x7, 0xd4, 0x4a,
    0xc4, 0x4b, 0xb0, 0x2, 0x6f, 0x0, 0x6d, 0xdd,
    0xef, 0xdd, 0xd9, 0x0, 0x4, 0xf0, 0x0, 0x0,
    0x8, 0xb0, 0x0, 0x0, 0x0, 0x4f, 0x6, 0xee,
    0xee, 0xff, 0xee, 0xee, 0xd0, 0x4, 0xf0, 0x14,
    0x44, 0x9f, 0xfb, 0x44, 0x43, 0x0, 0x4f, 0x8,
    0x0, 0x4f, 0xcd, 0xe6, 0x0, 0x0, 0x4, 0xfb,
    0xe0, 0x6f, 0x68, 0xb2, 0xe9, 0x0, 0x0, 0x5f,
    0xd4, 0xaf, 0x60, 0x8b, 0x2, 0xdd, 0x40, 0x7,
    0xc1, 0xdd, 0x30, 0x8, 0xb0, 0x0, 0x9c, 0x0,
    0x0, 0x2, 0x0, 0x0, 0x8b, 0x0, 0x0, 0x0,

    /* U+8DD1 "跑" */
    0x0, 0x0, 0x0, 0x0, 0x11, 0x0, 0x0, 0x0,
    0x1, 0x11, 0x10, 0x0, 0x9c, 0x0, 0x0, 0x0,
    0xf, 0xff, 0xf8, 0x1, 0xf8, 0x22, 0x22, 0x20,
    0xf, 0x32, 0xb8, 0x8, 0xff, 0xff, 0xff, 0xf0,
    0xf, 0x10, 0xa8, 0x2f, 0x81, 0x11, 0x14, 0xf0,
    0xf, 0x21, 0xa8, 0xbd, 0x0, 0x0, 0x3, 0xf0,
    0xf, 0xff, 0xfa, 0xee, 0xee, 0xed, 0x4, 0xf0,
    0x3, 0x3e, 0x61, 0x1e, 0x85, 0x7f, 0x4, 0xe0,
    0x17, 0xe, 0x30, 0xe, 0x40, 0x3f, 0x4, 0xe0,
    0x3e, 0xe, 0x41, 0xe, 0x40, 0x3f, 0x4, 0xe0,
    0x3e, 0xe, 0xff, 0xe, 0xcb, 0xcf, 0x4, 0xe0,
    0x3e, 0xe, 0x63, 0xe, 0xa8, 0x87, 0x7, 0xd0,
    0x3e, 0xe, 0x30, 0xe, 0x40, 0x2f, 0xff, 0xa2,
    0x3e, 0xe, 0x30, 0xe, 0x40, 0x4, 0x42, 0x4d,
    0x3e, 0x2f, 0xab, 0xe, 0x40, 0x0, 0x0, 0x5c,
    0xbf, 0xff, 0xda, 0xc, 0xb4, 0x44, 0x44, 0xbb,
    0x65, 0x20, 0x0, 0x4, 0xdf, 0xff, 0xff, 0xe4,

    /* U+8EAB "身" */
    0x0, 0x0, 0x0, 0x0, 0x0, 0x0, 0x0, 0x0,
    0x0, 0x0, 0x0, 0x0, 0x7, 0xf1, 0x0, 0x0,
    0x0, 0x0, 0x0, 0x1, 0x44, 0x4e, 0xc4, 0x44,
    0x44, 0x10, 0x0, 0x0, 0x6, 0xfe, 0xee, 0xee,
    0xee, 0xef, 0x50, 0x0, 0x0, 0x6, 0xe0, 0x0,
    0x0, 0x0, 0xf, 0x50, 0x0, 0x0, 0x6, 0xff,
    0xff, 0xff, 0xff, 0xff, 0x50, 0x0, 0x0, 0x6,
    0xe3, 0x33, 0x33, 0x33, 0x3f, 0x50, 0x0, 0x0,
    0x6, 0xe1, 0x11, 0x11, 0x11, 0x1f, 0x50, 0x10,
    0x0, 0x6, 0xff, 0xff, 0xff, 0xff, 0xff, 0x58,
    0xd0, 0x0, 0x6, 0xe0, 0x0, 0x0, 0x0, 0xf,
    0xdf, 0x40, 0x2, 0x38, 0xf3, 0x33, 0x33, 0x33,
    0x3f, 0xf4, 0x0, 0xb, 0xff, 0xff, 0xff, 0xff,
    0xff, 0xff, 0x60, 0x0, 0x0, 0x0, 0x0, 0x0,
    0x4, 0xcf, 0x7f, 0x50, 0x0, 0x0, 0x0, 0x0,
    0x17, 0xdf, 0x91, 0xf, 0x50, 0x0, 0x0, 0x2,
    0x7c, 0xfd, 0x71, 0x0, 0xf, 0x50, 0x0, 0xa,
    0xef, 0xe9, 0x30, 0x5, 0x55, 0x9f, 0x40, 0x0,
    0x8, 0x73, 0x0, 0x0, 0xe, 0xff, 0xfa, 0x0,
    0x0,

    /* U+8F66 "车" */
    0x0, 0x0, 0x0, 0x82, 0x0, 0x0, 0x0, 0x0,
    0x0, 0x0, 0x6, 0xf2, 0x0, 0x0, 0x0, 0x0,
    0x0, 0x0, 0xd, 0xb0, 0x0, 0x0, 0x0, 0x0,
    0x5f, 0xff, 0xff, 0xff, 0xff, 0xff, 0xff, 0xf2,
    0x25, 0x55, 0xed, 0x55, 0x55, 0x55, 0x55, 0x50,
    0x0, 0x3, 0xf5, 0x4, 0xa0, 0x0, 0x0, 0x0,
    0x0, 0xb, 0xd0, 0x7, 0xf0, 0x0, 0x0, 0x0,
    0x0, 0x4f, 0x50, 0x7, 0xf0, 0x0, 0x0, 0x0,
    0x0, 0xde, 0x55, 0x5a, 0xf5, 0x55, 0x55, 0x10,
    0x0, 0xef, 0xff, 0xff, 0xff, 0xff, 0xff, 0x30,
    0x0, 0x0, 0x0, 0x7, 0xf0, 0x0, 0x0, 0x0,
    0x0, 0x0, 0x0, 0x7, 0xf0, 0x0, 0x0, 0x0,
    0x44, 0x44, 0x44, 0x49, 0xf4, 0x44, 0x44, 0x43,
    0xef, 0xff, 0xff, 0xff, 0xff, 0xff, 0xff, 0xfb,
    0x11, 0x11, 0x11, 0x17, 0xf1, 0x11, 0x11, 0x10,
    0x0, 0x0, 0x0, 0x7, 0xf0, 0x0, 0x0, 0x0,
    0x0, 0x0, 0x0, 0x7, 0xf0, 0x0, 0x0, 0x0,

    /* U+8F7D "载" */
    0x0, 0x0, 0x71, 0x0, 0x6, 0x60, 0x0, 0x0,
    0x0, 0x0, 0xf4, 0x0, 0xa, 0xb1, 0xc1, 0x0,
    0x4, 0x45, 0xf7, 0x44, 0x29, 0xb1, 0xdd, 0x10,
    0x2d, 0xdd, 0xfd, 0xdd, 0x68, 0xc0, 0x1d, 0xc0,
    0x0, 0x0, 0xf4, 0x0, 0x8, 0xd0, 0x1, 0x60,
    0xef, 0xff, 0xff, 0xff, 0xff, 0xff, 0xff, 0xf9,
    0x34, 0x48, 0x74, 0x44, 0x48, 0xf4, 0x44, 0x42,
    0x0, 0xe, 0x80, 0x0, 0x4, 0xf1, 0x5, 0x50,
    0xcf, 0xff, 0xff, 0xff, 0xe2, 0xf2, 0xc, 0xa0,
    0x13, 0xf8, 0x46, 0x11, 0x10, 0xf4, 0x3f, 0x30,
    0xa, 0xd0, 0x7c, 0x0, 0x0, 0xd7, 0xbb, 0x0,
    0xf, 0xff, 0xff, 0xff, 0xa0, 0xae, 0xf2, 0x0,
    0x3, 0x33, 0x9d, 0x33, 0x20, 0x7f, 0x70, 0x65,
    0x12, 0x45, 0xae, 0x89, 0x61, 0xdf, 0x40, 0xb8,
    0xef, 0xfe, 0xee, 0xa9, 0x8d, 0xdd, 0xa0, 0xd6,
    0x10, 0x0, 0x8c, 0x4, 0xfc, 0x15, 0xfa, 0xf2,
    0x0, 0x0, 0x8c, 0x1, 0x90, 0x0, 0x8f, 0x90,

    /* U+8F93 "输" */
    0x0, 0x2, 0x10, 0x0, 0x0, 0x2, 0x0, 0x0,
    0x0, 0x0, 0xb7, 0x0, 0x0, 0x7, 0xfb, 0x0,
    0x0, 0x0, 0xe, 0x40, 0x0, 0x4, 0xf6, 0xe7,
    0x0, 0x0, 0xce, 0xfe, 0xee, 0x4, 0xf8, 0x3,
    0xf7, 0x0, 0x4, 0x9c, 0x44, 0x46, 0xf9, 0x0,
    0x4, 0xea, 0x0, 0xa, 0x72, 0x9, 0xf8, 0xff,
    0xff, 0xf5, 0xcc, 0x0, 0xf4, 0xf1, 0x32, 0x1,
    0x11, 0x11, 0x2, 0x20, 0x4e, 0xf, 0x10, 0xbc,
    0xcc, 0x52, 0x51, 0xf0, 0x8, 0xc6, 0xf7, 0x3f,
    0x64, 0xc6, 0x5b, 0x1f, 0x0, 0x7c, 0xdf, 0xd6,
    0xf3, 0x1b, 0x65, 0xb1, 0xf0, 0x0, 0x1, 0xf1,
    0xf, 0xee, 0xf6, 0x5b, 0x1f, 0x0, 0x0, 0x1f,
    0x10, 0xf2, 0xa, 0x65, 0xb1, 0xf0, 0x4, 0x7a,
    0xff, 0x9f, 0x87, 0xd6, 0x5b, 0x1f, 0x0, 0xfe,
    0xbf, 0x62, 0xfa, 0x9d, 0x65, 0xb1, 0xf0, 0x0,
    0x1, 0xf1, 0xf, 0x20, 0xa6, 0x0, 0x1f, 0x0,
    0x0, 0x1f, 0x10, 0xf2, 0x2c, 0x61, 0x25, 0xf0,
    0x0, 0x1, 0xf1, 0xf, 0x2f, 0xe2, 0x6f, 0xf9,
    0x0, 0x0, 0x0, 0x0, 0x10, 0x0, 0x0, 0x0,
    0x0,

    /* U+8FD9 "这" */
    0x0, 0x0, 0x0, 0x0, 0x0, 0x10, 0x0, 0x0,
    0x0, 0x6, 0x0, 0x0, 0x0, 0x3f, 0x40, 0x0,
    0x0, 0x2, 0xf7, 0x0, 0x0, 0x0, 0xdc, 0x0,
    0x0, 0x0, 0x7, 0xf2, 0x5, 0x55, 0x5a, 0xf7,
    0x55, 0x53, 0x0, 0xc, 0xd1, 0xff, 0xff, 0xff,
    0xff, 0xff, 0xa0, 0x0, 0x23, 0x0, 0x0, 0x0,
    0x0, 0xe7, 0x0, 0x2, 0x22, 0x10, 0x2d, 0x40,
    0x0, 0x5f, 0x10, 0x0, 0xff, 0xf7, 0x0, 0x9f,
    0x60, 0xd, 0xb0, 0x0, 0x2, 0x2e, 0x70, 0x0,
    0x7f, 0x88, 0xf2, 0x0, 0x0, 0x0, 0xe7, 0x0,
    0x0, 0x6f, 0xf7, 0x0, 0x0, 0x0, 0xe, 0x70,
    0x0, 0x4, 0xff, 0xb0, 0x0, 0x0, 0x0, 0xe7,
    0x0, 0x8, 0xfb, 0x5f, 0xc1, 0x0, 0x0, 0xe,
    0x70, 0x3c, 0xf9, 0x0, 0x3f, 0xd1, 0x0, 0x2,
    0xf9, 0x3f, 0xe4, 0x0, 0x0, 0x3e, 0xc0, 0x1,
    0xee, 0xf6, 0x60, 0x0, 0x0, 0x0, 0x34, 0x0,
    0xde, 0x18, 0xfc, 0x86, 0x66, 0x66, 0x66, 0x65,
    0xa, 0x20, 0x4, 0xbe, 0xff, 0xff, 0xff, 0xff,
    0xb0, 0x0, 0x0, 0x0, 0x0, 0x0, 0x0, 0x0,
    0x0,

    /* U+9009 "选" */
    0x0, 0x0, 0x0, 0x0, 0x0, 0x10, 0x0, 0x0,
    0x0, 0x40, 0x0, 0x1, 0x40, 0x2f, 0x10, 0x0,
    0x0, 0x2f, 0x70, 0x0, 0x6e, 0x2, 0xf1, 0x0,
    0x0, 0x0, 0x6f, 0x50, 0xb, 0xc4, 0x6f, 0x54,
    0x44, 0x10, 0x0, 0x9f, 0x11, 0xff, 0xff, 0xff,
    0xff, 0xf3, 0x0, 0x0, 0x40, 0x8e, 0x0, 0x2f,
    0x10, 0x0, 0x0, 0x0, 0x0, 0x9, 0x70, 0x2,
    0xf1, 0x0, 0x0, 0xb, 0xdd, 0x41, 0x66, 0x66,
    0x7f, 0x66, 0x66, 0x50, 0x67, 0xf5, 0x4e, 0xee,
    0xfe, 0xef, 0xee, 0xec, 0x0, 0xe, 0x50, 0x0,
    0x4f, 0x0, 0xf3, 0x0, 0x0, 0x0, 0xe5, 0x0,
    0x6, 0xe0, 0xf, 0x30, 0x38, 0x0, 0xe, 0x50,
    0x0, 0xca, 0x0, 0xf3, 0x5, 0xd0, 0x0, 0xe5,
    0x0, 0xaf, 0x20, 0xf, 0x73, 0x9c, 0x0, 0x2f,
    0x90, 0xbf, 0x40, 0x0, 0x9f, 0xff, 0x60, 0xd,
    0xdf, 0x63, 0x20, 0x0, 0x0, 0x0, 0x0, 0x9,
    0xe1, 0x7f, 0xb6, 0x44, 0x44, 0x44, 0x44, 0x40,
    0xc4, 0x0, 0x4b, 0xef, 0xff, 0xff, 0xff, 0xff,
    0x1, 0x0, 0x0, 0x0, 0x0, 0x0, 0x0, 0x0,
    0x0,

    /* U+9020 "造" */
    0x0, 0x0, 0x0, 0x0, 0x0, 0x7, 0x10, 0x0,
    0x0, 0x0, 0x90, 0x0, 0x7, 0xb0, 0x1f, 0x30,
    0x0, 0x0, 0x2, 0xfa, 0x0, 0xc, 0x90, 0x1f,
    0x30, 0x0, 0x0, 0x0, 0x5f, 0x70, 0x3f, 0xff,
    0xff, 0xff, 0xff, 0x50, 0x0, 0x8, 0xe0, 0xbb,
    0x33, 0x4f, 0x63, 0x33, 0x10, 0x0, 0x0, 0x20,
    0x92, 0x0, 0x1f, 0x30, 0x0, 0x0, 0x4, 0x55,
    0x14, 0xdd, 0xdd, 0xdf, 0xdd, 0xdd, 0xc0, 0xe,
    0xff, 0x51, 0x55, 0x55, 0x55, 0x55, 0x55, 0x50,
    0x0, 0xf, 0x50, 0x0, 0x0, 0x0, 0x0, 0x0,
    0x0, 0x0, 0xf, 0x50, 0xf, 0xff, 0xff, 0xff,
    0xf7, 0x0, 0x0, 0xf, 0x50, 0xf, 0x62, 0x22,
    0x22, 0xd7, 0x0, 0x0, 0xf, 0x50, 0xf, 0x40,
    0x0, 0x0, 0xd7, 0x0, 0x0, 0xf, 0x50, 0xf,
    0x73, 0x33, 0x33, 0xe7, 0x0, 0x0, 0x1f, 0x70,
    0xf, 0xff, 0xff, 0xff, 0xf7, 0x0, 0x0, 0xdf,
    0xf5, 0x0, 0x0, 0x0, 0x0, 0x0, 0x0, 0xb,
    0xf2, 0x8f, 0xb7, 0x66, 0x66, 0x66, 0x66, 0x50,
    0xb, 0x50, 0x5, 0xbe, 0xff, 0xff, 0xff, 0xff,
    0xd0, 0x0, 0x0, 0x0, 0x0, 0x0, 0x0, 0x0,
    0x0, 0x0,

    /* U+914D "配" */
    0x23, 0x33, 0x33, 0x33, 0x11, 0x11, 0x11, 0x10,
    0xef, 0xff, 0xff, 0xff, 0x6a, 0xff, 0xff, 0xf1,
    0x0, 0x3d, 0x1f, 0x0, 0x2, 0x33, 0x36, 0xf1,
    0x0, 0x3d, 0x1f, 0x0, 0x0, 0x0, 0x4, 0xf1,
    0x5f, 0xff, 0xff, 0xff, 0x10, 0x0, 0x4, 0xf1,
    0x5c, 0x4d, 0x4d, 0x3f, 0x10, 0x0, 0x4, 0xf1,
    0x5c, 0x2c, 0x1d, 0xf, 0x14, 0xbb, 0xbc, 0xf1,
    0x5c, 0x4a, 0x1d, 0xf, 0x16, 0xf9, 0x99, 0x90,
    0x5c, 0xb6, 0xe, 0xcf, 0x16, 0xe0, 0x0, 0x0,
    0x5e, 0xd0, 0x1, 0x4f, 0x16, 0xe0, 0x0, 0x0,
    0x5c, 0x0, 0x0, 0xf, 0x16, 0xe0, 0x0, 0x22,
    0x5f, 0xff, 0xff, 0xff, 0x16, 0xe0, 0x0, 0x8c,
    0x5c, 0x22, 0x22, 0x3f, 0x16, 0xe0, 0x0, 0x8b,
    0x5c, 0x0, 0x0, 0xf, 0x16, 0xe0, 0x0, 0x9a,
    0x5f, 0xff, 0xff, 0xff, 0x15, 0xf6, 0x55, 0xe8,
    0x5c, 0x22, 0x22, 0x22, 0x1, 0xcf, 0xff, 0xe2,

    /* U+9192 "醒" */
    0x44, 0x44, 0x44, 0x41, 0x55, 0x55, 0x55, 0x40,
    0xff, 0xff, 0xff, 0xf5, 0xec, 0xbb, 0xbc, 0xe0,
    0x0, 0xb5, 0xe1, 0x0, 0xe3, 0x0, 0x4, 0xe0,
    0x0, 0xb5, 0xe1, 0x0, 0xef, 0xff, 0xff, 0xe0,
    0x8f, 0xff, 0xff, 0xd0, 0xe3, 0x0, 0x5, 0xe0,
    0x9c, 0xda, 0xfa, 0xe0, 0xe5, 0x33, 0x36, 0xe0,
    0x97, 0xa5, 0xe3, 0xe0, 0xcd, 0xdd, 0xdd, 0xc0,
    0x97, 0xb4, 0xe3, 0xe0, 0x33, 0x6, 0x10, 0x0,
    0x98, 0xe1, 0xe5, 0xe0, 0xc8, 0x4f, 0x64, 0x41,
    0x9e, 0xa0, 0x8d, 0xe2, 0xfe, 0xef, 0xee, 0xe3,
    0x99, 0x10, 0x3, 0xea, 0x60, 0xf, 0x30, 0x0,
    0x9f, 0xff, 0xff, 0xe1, 0x9b, 0xbf, 0xcb, 0xb0,
    0x99, 0x33, 0x35, 0xe0, 0x56, 0x6f, 0x86, 0x60,
    0x98, 0x0, 0x3, 0xe0, 0x0, 0xf, 0x30, 0x0,
    0x9f, 0xff, 0xff, 0xe1, 0x33, 0x3f, 0x53, 0x32,
    0x99, 0x22, 0x22, 0x28, 0xff, 0xff, 0xff, 0xfa,

    /* U+91CC "里" */
    0x1, 0x44, 0x44, 0x44, 0x44, 0x44, 0x44, 0x10,
    0x5, 0xff, 0xff, 0xff, 0xff, 0xff, 0xff, 0x50,
    0x5, 0xf0, 0x0, 0xb, 0xb0, 0x0, 0xf, 0x50,
    0x5, 0xf0, 0x0, 0xb, 0xb0, 0x0, 0xf, 0x50,
    0x5, 0xff, 0xff, 0xff, 0xff, 0xff, 0xff, 0x50,
    0x5, 0xf3, 0x33, 0x3c, 0xc3, 0x33, 0x3f, 0x50,
    0x5, 0xf0, 0x0, 0xb, 0xb0, 0x0, 0xf, 0x50,
    0x5, 0xf5, 0x55, 0x5c, 0xc5, 0x55, 0x5f, 0x50,
    0x5, 0xff, 0xff, 0xff, 0xff, 0xff, 0xff, 0x50,
    0x0, 0x0, 0x0, 0xb, 0xb0, 0x0, 0x0, 0x0,
    0x2, 0x33, 0x33, 0x3c, 0xb3, 0x33, 0x33, 0x20,
    0xb, 0xff, 0xff, 0xff, 0xff, 0xff, 0xff, 0xb0,
    0x0, 0x11, 0x11, 0x1b, 0xb1, 0x11, 0x11, 0x0,
    0x0, 0x0, 0x0, 0xb, 0xb0, 0x0, 0x0, 0x0,
    0xef, 0xff, 0xff, 0xff, 0xff, 0xff, 0xff, 0xfd,
    0x44, 0x44, 0x44, 0x44, 0x44, 0x44, 0x44, 0x44,

    /* U+961F "队" */
    0x0, 0x0, 0x0, 0x0, 0x0, 0x0, 0x0, 0x0,
    0x0, 0x44, 0x44, 0x41, 0x0, 0x8e, 0x0, 0x0,
    0x0, 0xf, 0xff, 0xff, 0x60, 0x8, 0xe0, 0x0,
    0x0, 0x0, 0xf5, 0x12, 0xf4, 0x0, 0x8d, 0x0,
    0x0, 0x0, 0xf, 0x40, 0x7d, 0x0, 0x9, 0xd0,
    0x0, 0x0, 0x0, 0xf4, 0xc, 0x70, 0x0, 0x9f,
    0x0, 0x0, 0x0, 0xf, 0x42, 0xf1, 0x0, 0xb,
    0xf0, 0x0, 0x0, 0x0, 0xf4, 0x3f, 0x30, 0x0,
    0xef, 0x30, 0x0, 0x0, 0xf, 0x40, 0x8d, 0x0,
    0xf, 0xf7, 0x0, 0x0, 0x0, 0xf4, 0x1, 0xf4,
    0x5, 0xfc, 0xb0, 0x0, 0x0, 0xf, 0x40, 0xc,
    0x70, 0xad, 0x3f, 0x20, 0x0, 0x0, 0xf4, 0x0,
    0xe7, 0x2f, 0x70, 0xda, 0x0, 0x0, 0xf, 0x7d,
    0xff, 0x3b, 0xe0, 0x6, 0xf4, 0x0, 0x0, 0xf5,
    0x66, 0x27, 0xf5, 0x0, 0xc, 0xe1, 0x0, 0xf,
    0x40, 0x4, 0xf9, 0x0, 0x0, 0x2f, 0xd1, 0x0,
    0xf4, 0x4, 0xfb, 0x0, 0x0, 0x0, 0x5f, 0xc0,
    0xf, 0x40, 0x5c, 0x0, 0x0, 0x0, 0x0, 0x67,
    0x0, 0x0, 0x0, 0x0, 0x0, 0x0, 0x0, 0x0,
    0x0,

    /* U+9664 "除" */
    0x0, 0x0, 0x0, 0x0, 0x0, 0x21, 0x0, 0x0,
    0x0, 0x11, 0x11, 0x0, 0x0, 0x4f, 0xd0, 0x0,
    0x0, 0x3f, 0xff, 0xf6, 0x0, 0xd, 0xbe, 0x80,
    0x0, 0x3, 0xf3, 0x3f, 0x40, 0xb, 0xe1, 0x5f,
    0x50, 0x0, 0x3f, 0x3, 0xf0, 0xa, 0xf4, 0x0,
    0x8f, 0x40, 0x3, 0xf0, 0x8a, 0x1b, 0xf5, 0x0,
    0x0, 0x9f, 0x60, 0x3f, 0xc, 0x5b, 0xfb, 0xff,
    0xff, 0xfe, 0x9f, 0x13, 0xf0, 0xf2, 0x32, 0x24,
    0x4d, 0x94, 0x40, 0x20, 0x3f, 0x9, 0x90, 0x0,
    0x0, 0xd6, 0x0, 0x0, 0x3, 0xf0, 0x2f, 0x15,
    0x55, 0x5e, 0xa5, 0x55, 0x30, 0x3f, 0x0, 0xd6,
    0xff, 0xff, 0xff, 0xff, 0xf9, 0x3, 0xf0, 0xc,
    0x50, 0x30, 0xd, 0x60, 0x20, 0x0, 0x3f, 0x2,
    0xf5, 0x2f, 0x50, 0xd6, 0x6e, 0x10, 0x3, 0xfa,
    0xfe, 0x1c, 0xc0, 0xd, 0x60, 0xcb, 0x0, 0x3f,
    0x12, 0x8, 0xf2, 0x0, 0xd6, 0x1, 0xf6, 0x3,
    0xf0, 0x3, 0xf4, 0x14, 0x5f, 0x60, 0x5, 0xe0,
    0x3f, 0x0, 0x2, 0x2, 0xff, 0xd2, 0x0, 0x1,
    0x0,

    /* U+9884 "预" */
    0x34, 0x44, 0x44, 0x13, 0x44, 0x44, 0x44, 0x43,
    0xbf, 0xff, 0xff, 0x5d, 0xff, 0xff, 0xff, 0xfe,
    0x0, 0x0, 0x7e, 0x10, 0x0, 0x8c, 0x0, 0x0,
    0xd, 0x53, 0xf5, 0x0, 0x0, 0xb9, 0x0, 0x0,
    0x3, 0xee, 0x90, 0x4, 0xff, 0xff, 0xff, 0xf0,
    0x0, 0x5f, 0x20, 0x4, 0xf3, 0x33, 0x36, 0xf0,
    0xef, 0xff, 0xff, 0x84, 0xe0, 0x5d, 0x3, 0xf0,
    0x44, 0xad, 0x4b, 0x84, 0xe0, 0x5e, 0x3, 0xf0,
    0x0, 0x7c, 0xc, 0x54, 0xe0, 0x5e, 0x3, 0xf0,
    0x0, 0x7c, 0xf, 0x24, 0xe0, 0x6e, 0x3, 0xf0,
    0x0, 0x7c, 0x6, 0x4, 0xe0, 0x7c, 0x3, 0xf0,
    0x0, 0x7c, 0x0, 0x4, 0xe0, 0xbd, 0x3, 0xf0,
    0x0, 0x7c, 0x0, 0x1, 0x33, 0xfe, 0xc2, 0x30,
    0x0, 0x7c, 0x0, 0x0, 0x4e, 0xa1, 0xde, 0x20,
    0x46, 0xcb, 0x0, 0x2a, 0xfa, 0x0, 0xb, 0xf4,
    0x8f, 0xe5, 0x0, 0xee, 0x50, 0x0, 0x0, 0xab,
    0x0, 0x0, 0x0, 0x20, 0x0, 0x0, 0x0, 0x1
};


/*---------------------
 *  GLYPH DESCRIPTION
 *--------------------*/

static const lv_font_fmt_txt_glyph_dsc_t glyph_dsc[] = {
    {.bitmap_index = 0, .adv_w = 0, .box_w = 0, .box_h = 0, .ofs_x = 0, .ofs_y = 0} /* id = 0 reserved */,
    {.bitmap_index = 0, .adv_w = 103, .box_w = 0, .box_h = 0, .ofs_x = 0, .ofs_y = 0},
    {.bitmap_index = 0, .adv_w = 77, .box_w = 3, .box_h = 14, .ofs_x = 1, .ofs_y = 0},
    {.bitmap_index = 21, .adv_w = 98, .box_w = 6, .box_h = 5, .ofs_x = 0, .ofs_y = 11},
    {.bitmap_index = 36, .adv_w = 203, .box_w = 12, .box_h = 14, .ofs_x = 0, .ofs_y = 0},
    {.bitmap_index = 120, .adv_w = 166, .box_w = 10, .box_h = 17, .ofs_x = 0, .ofs_y = -1},
    {.bitmap_index = 205, .adv_w = 236, .box_w = 15, .box_h = 14, .ofs_x = 0, .ofs_y = 0},
    {.bitmap_index = 310, .adv_w = 205, .box_w = 13, .box_h = 14, .ofs_x = 0, .ofs_y = 0},
    {.bitmap_index = 401, .adv_w = 55, .box_w = 3, .box_h = 5, .ofs_x = 0, .ofs_y = 11},
    {.bitmap_index = 409, .adv_w = 89, .box_w = 4, .box_h = 17, .ofs_x = 1, .ofs_y = -1},
    {.bitmap_index = 443, .adv_w = 89, .box_w = 5, .box_h = 17, .ofs_x = 0, .ofs_y = -1},
    {.bitmap_index = 486, .adv_w = 129, .box_w = 6, .box_h = 6, .ofs_x = 1, .ofs_y = 8},
    {.bitmap_index = 504, .adv_w = 176, .box_w = 9, .box_h = 9, .ofs_x = 1, .ofs_y = 3},
    {.bitmap_index = 545, .adv_w = 75, .box_w = 3, .box_h = 4, .ofs_x = 1, .ofs_y = -2},
    {.bitmap_index = 551, .adv_w = 113, .box_w = 7, .box_h = 3, .ofs_x = 0, .ofs_y = 6},
    {.bitmap_index = 562, .adv_w = 78, .box_w = 3, .box_h = 3, .ofs_x = 1, .ofs_y = 0},
    {.bitmap_index = 567, .adv_w = 115, .box_w = 7, .box_h = 14, .ofs_x = 0, .ofs_y = 0},
    {.bitmap_index = 616, .adv_w = 183, .box_w = 10, .box_h = 14, .ofs_x = 1, .ofs_y = 0},
    {.bitmap_index = 686, .adv_w = 183, .box_w = 5, .box_h = 14, .ofs_x = 2, .ofs_y = 0},
    {.bitmap_index = 721, .adv_w = 183, .box_w = 9, .box_h = 14, .ofs_x = 1, .ofs_y = 0},
    {.bitmap_index = 784, .adv_w = 183, .box_w = 10, .box_h = 14, .ofs_x = 1, .ofs_y = 0},
    {.bitmap_index = 854, .adv_w = 183, .box_w = 10, .box_h = 14, .ofs_x = 1, .ofs_y = 0},
    {.bitmap_index = 924, .adv_w = 183, .box_w = 10, .box_h = 14, .ofs_x = 1, .ofs_y = 0},
    {.bitmap_index = 994, .adv_w = 183, .box_w = 10, .box_h = 14, .ofs_x = 1, .ofs_y = 0},
    {.bitmap_index = 1064, .adv_w = 183, .box_w = 9, .box_h = 14, .ofs_x = 1, .ofs_y = 0},
    {.bitmap_index = 1127, .adv_w = 183, .box_w = 10, .box_h = 14, .ofs_x = 1, .ofs_y = 0},
    {.bitmap_index = 1197, .adv_w = 183, .box_w = 10, .box_h = 14, .ofs_x = 1, .ofs_y = 0},
    {.bitmap_index = 1267, .adv_w = 78, .box_w = 3, .box_h = 10, .ofs_x = 1, .ofs_y = 2},
    {.bitmap_index = 1282, .adv_w = 79, .box_w = 3, .box_h = 12, .ofs_x = 1, .ofs_y = -2},
    {.bitmap_index = 1300, .adv_w = 176, .box_w = 9, .box_h = 12, .ofs_x = 1, .ofs_y = 1},
    {.bitmap_index = 1354, .adv_w = 176, .box_w = 9, .box_h = 6, .ofs_x = 1, .ofs_y = 4},
    {.bitmap_index = 1381, .adv_w = 176, .box_w = 9, .box_h = 12, .ofs_x = 1, .ofs_y = 1},
    {.bitmap_index = 1435, .adv_w = 141, .box_w = 9, .box_h = 14, .ofs_x = 0, .ofs_y = 0},
    {.bitmap_index = 1498, .adv_w = 237, .box_w = 15, .box_h = 14, .ofs_x = 0, .ofs_y = 0},
    {.bitmap_index = 1603, .adv_w = 192, .box_w = 12, .box_h = 14, .ofs_x = 0, .ofs_y = 0},
    {.bitmap_index = 1687, .adv_w = 192, .box_w = 10, .box_h = 14, .ofs_x = 1, .ofs_y = 0},
    {.bitmap_index = 1757, .adv_w = 202, .box_w = 11, .box_h = 14, .ofs_x = 1, .ofs_y = 0},
    {.bitmap_index = 1834, .adv_w = 215, .box_w = 12, .box_h = 14, .ofs_x = 1, .ofs_y = 0},
    {.bitmap_index = 1918, .adv_w = 172, .box_w = 9, .box_h = 14, .ofs_x = 1, .ofs_y = 0},
    {.bitmap_index = 1981, .adv_w = 166, .box_w = 9, .box_h = 14, .ofs_x = 1, .ofs_y = 0},
    {.bitmap_index = 2044, .adv_w = 213, .box_w = 12, .box_h = 14, .ofs_x = 1, .ofs_y = 0},
    {.bitmap_index = 2128, .adv_w = 207, .box_w = 11, .box_h = 14, .ofs_x = 1, .ofs_y = 0},
    {.bitmap_index = 2205, .adv_w = 70, .box_w = 2, .box_h = 14, .ofs_x = 1, .ofs_y = 0},
    {.bitmap_index = 2219, .adv_w = 139, .box_w = 8, .box_h = 14, .ofs_x = 0, .ofs_y = 0},
    {.bitmap_index = 2275, .adv_w = 188, .box_w = 11, .box_h = 14, .ofs_x = 1, .ofs_y = 0},
    {.bitmap_index = 2352, .adv_w = 163, .box_w = 9, .box_h = 14, .ofs_x = 1, .ofs_y = 0},
    {.bitmap_index = 2415, .adv_w = 253, .box_w = 14, .box_h = 14, .ofs_x = 1, .ofs_y = 0},
    {.bitmap_index = 2513, .adv_w = 211, .box_w = 11, .box_h = 14, .ofs_x = 1, .ofs_y = 0},
    {.bitmap_index = 2590, .adv_w = 226, .box_w = 13, .box_h = 14, .ofs_x = 1, .ofs_y = 0},
    {.bitmap_index = 2681, .adv_w = 180, .box_w = 10, .box_h = 14, .ofs_x = 1, .ofs_y = 0},
    {.bitmap_index = 2751, .adv_w = 226, .box_w = 13, .box_h = 16, .ofs_x = 1, .ofs_y = -2},
    {.bitmap_index = 2855, .adv_w = 183, .box_w = 11, .box_h = 14, .ofs_x = 1, .ofs_y = 0},
    {.bitmap_index = 2932, .adv_w = 174, .box_w = 11, .box_h = 14, .ofs_x = 0, .ofs_y = 0},
    {.bitmap_index = 3009, .adv_w = 174, .box_w = 11, .box_h = 14, .ofs_x = 0, .ofs_y = 0},
    {.bitmap_index = 3086, .adv_w = 202, .box_w = 11, .box_h = 14, .ofs_x = 1, .ofs_y = 0},
    {.bitmap_index = 3163, .adv_w = 192, .box_w = 12, .box_h = 14, .ofs_x = 0, .ofs_y = 0},
    {.bitmap_index = 3247, .adv_w = 278, .box_w = 18, .box_h = 14, .ofs_x = 0, .ofs_y = 0},
    {.bitmap_index = 3373, .adv_w = 183, .box_w = 12, .box_h = 14, .ofs_x = 0, .ofs_y = 0},
    {.bitmap_index = 3457, .adv_w = 180, .box_w = 12, .box_h = 14, .ofs_x = 0, .ofs_y = 0},
    {.bitmap_index = 3541, .adv_w = 171, .box_w = 11, .box_h = 14, .ofs_x = 0, .ofs_y = 0},
    {.bitmap_index = 3618, .adv_w = 101, .box_w = 6, .box_h = 18, .ofs_x = 1, .ofs_y = -2},
    {.bitmap_index = 3672, .adv_w = 97, .box_w = 6, .box_h = 14, .ofs_x = 0, .ofs_y = 0},
    {.bitmap_index = 3714, .adv_w = 101, .box_w = 5, .box_h = 18, .ofs_x = 0, .ofs_y = -2},
    {.bitmap_index = 3759, .adv_w = 128, .box_w = 8, .box_h = 5, .ofs_x = 0, .ofs_y = 10},
    {.bitmap_index = 3779, .adv_w = 132, .box_w = 9, .box_h = 3, .ofs_x = 0, .ofs_y = -3},
    {.bitmap_index = 3793, .adv_w = 74, .box_w = 4, .box_h = 5, .ofs_x = 0, .ofs_y = 10},
    {.bitmap_index = 3803, .adv_w = 154, .box_w = 9, .box_h = 10, .ofs_x = 0, .ofs_y = 0},
    {.bitmap_index = 3848, .adv_w = 172, .box_w = 9, .box_h = 14, .ofs_x = 1, .ofs_y = 0},
    {.bitmap_index = 3911, .adv_w = 153, .box_w = 9, .box_h = 10, .ofs_x = 0, .ofs_y = 0},
    {.bitmap_index = 3956, .adv_w = 173, .box_w = 10, .box_h = 14, .ofs_x = 0, .ofs_y = 0},
    {.bitmap_index = 4026, .adv_w = 161, .box_w = 10, .box_h = 10, .ofs_x = 0, .ofs_y = 0},
    {.bitmap_index = 4076, .adv_w = 101, .box_w = 6, .box_h = 14, .ofs_x = 0, .ofs_y = 0},
    {.bitmap_index = 4118, .adv_w = 173, .box_w = 10, .box_h = 14, .ofs_x = 0, .ofs_y = -4},
    {.bitmap_index = 4188, .adv_w = 167, .box_w = 9, .box_h = 14, .ofs_x = 1, .ofs_y = 0},
    {.bitmap_index = 4251, .adv_w = 72, .box_w = 3, .box_h = 14, .ofs_x = 1, .ofs_y = 0},
    {.bitmap_index = 4272, .adv_w = 72, .box_w = 5, .box_h = 18, .ofs_x = -1, .ofs_y = -4},
    {.bitmap_index = 4317, .adv_w = 147, .box_w = 8, .box_h = 14, .ofs_x = 1, .ofs_y = 0},
    {.bitmap_index = 4373, .adv_w = 71, .box_w = 3, .box_h = 14, .ofs_x = 1, .ofs_y = 0},
    {.bitmap_index = 4394, .adv_w = 254, .box_w = 14, .box_h = 10, .ofs_x = 1, .ofs_y = 0},
    {.bitmap_index = 4464, .adv_w = 167, .box_w = 9, .box_h = 10, .ofs_x = 1, .ofs_y = 0},
    {.bitmap_index = 4509, .adv_w = 166, .box_w = 10, .box_h = 10, .ofs_x = 0, .ofs_y = 0},
    {.bitmap_index = 4559, .adv_w = 172, .box_w = 9, .box_h = 14, .ofs_x = 1, .ofs_y = -4},
    {.bitmap_index = 4622, .adv_w = 173, .box_w = 10, .box_h = 14, .ofs_x = 0, .ofs_y = -4},
    {.bitmap_index = 4692, .adv_w = 109, .box_w = 6, .box_h = 10, .ofs_x = 1, .ofs_y = 0},
    {.bitmap_index = 4722, .adv_w = 136, .box_w = 8, .box_h = 10, .ofs_x = 0, .ofs_y = 0},
    {.bitmap_index = 4762, .adv_w = 103, .box_w = 7, .box_h = 13, .ofs_x = 0, .ofs_y = 0},
    {.bitmap_index = 4808, .adv_w = 167, .box_w = 9, .box_h = 10, .ofs_x = 1, .ofs_y = 0},
    {.bitmap_index = 4853, .adv_w = 147, .box_w = 10, .box_h = 10, .ofs_x = 0, .ofs_y = 0},
    {.bitmap_index = 4903, .adv_w = 230, .box_w = 15, .box_h = 10, .ofs_x = 0, .ofs_y = 0},
    {.bitmap_index = 4978, .adv_w = 142, .box_w = 9, .box_h = 10, .ofs_x = 0, .ofs_y = 0},
    {.bitmap_index = 5023, .adv_w = 149, .box_w = 10, .box_h = 14, .ofs_x = 0, .ofs_y = -4},
    {.bitmap_index = 5093, .adv_w = 141, .box_w = 9, .box_h = 10, .ofs_x = 0, .ofs_y = 0},
    {.bitmap_index = 5138, .adv_w = 101, .box_w = 6, .box_h = 18, .ofs_x = 0, .ofs_y = -2},
    {.bitmap_index = 5192, .adv_w = 65, .box_w = 2, .box_h = 17, .ofs_x = 1, .ofs_y = -1},
    {.bitmap_index = 5209, .adv_w = 101, .box_w = 6, .box_h = 18, .ofs_x = 0, .ofs_y = -2},
    {.bitmap_index = 5263, .adv_w = 150, .box_w = 9, .box_h = 4, .ofs_x = 0, .ofs_y = 5},
    {.bitmap_index = 5281, .adv_w = 0, .box_w = 0, .box_h = 0, .ofs_x = 0, .ofs_y = 0},
    {.bitmap_index = 5281, .adv_w = 288, .box_w = 14, .box_h = 2, .ofs_x = 2, .ofs_y = 0},
    {.bitmap_index = 5295, .adv_w = 288, .box_w = 16, .box_h = 3, .ofs_x = 1, .ofs_y = 6},
    {.bitmap_index = 5319, .adv_w = 288, .box_w = 16, .box_h = 17, .ofs_x = 1, .ofs_y = -2},
    {.bitmap_index = 5455, .adv_w = 288, .box_w = 16, .box_h = 14, .ofs_x = 1, .ofs_y = 0},
    {.bitmap_index = 5567, .adv_w = 288, .box_w = 16, .box_h = 17, .ofs_x = 1, .ofs_y = -1},
    {.bitmap_index = 5703, .adv_w = 288, .box_w = 16, .box_h = 15, .ofs_x = 1, .ofs_y = -1},
    {.bitmap_index = 5823, .adv_w = 288, .box_w = 16, .box_h = 17, .ofs_x = 1, .ofs_y = -2},
    {.bitmap_index = 5959, .adv_w = 288, .box_w = 14, .box_h = 17, .ofs_x = 2, .ofs_y = -1},
    {.bitmap_index = 6078, .adv_w = 288, .box_w = 16, .box_h = 18, .ofs_x = 1, .ofs_y = -2},
    {.bitmap_index = 6222, .adv_w = 288, .box_w = 16, .box_h = 17, .ofs_x = 1, .ofs_y = -2},
    {.bitmap_index = 6358, .adv_w = 288, .box_w = 16, .box_h = 14, .ofs_x = 1, .ofs_y = 0},
    {.bitmap_index = 6470, .adv_w = 288, .box_w = 16, .box_h = 16, .ofs_x = 1, .ofs_y = -1},
    {.bitmap_index = 6598, .adv_w = 288, .box_w = 16, .box_h = 15, .ofs_x = 1, .ofs_y = -1},
    {.bitmap_index = 6718, .adv_w = 288, .box_w = 17, .box_h = 18, .ofs_x = 1, .ofs_y = -2},
    {.bitmap_index = 6871, .adv_w = 288, .box_w = 18, .box_h = 17, .ofs_x = 0, .ofs_y = -1},
    {.bitmap_index = 7024, .adv_w = 288, .box_w = 17, .box_h = 18, .ofs_x = 0, .ofs_y = -2},
    {.bitmap_index = 7177, .adv_w = 288, .box_w = 17, .box_h = 18, .ofs_x = 1, .ofs_y = -2},
    {.bitmap_index = 7330, .adv_w = 288, .box_w = 16, .box_h = 17, .ofs_x = 1, .ofs_y = -2},
    {.bitmap_index = 7466, .adv_w = 288, .box_w = 17, .box_h = 16, .ofs_x = 0, .ofs_y = -1},
    {.bitmap_index = 7602, .adv_w = 288, .box_w = 17, .box_h = 17, .ofs_x = 1, .ofs_y = -1},
    {.bitmap_index = 7747, .adv_w = 288, .box_w = 18, .box_h = 18, .ofs_x = 0, .ofs_y = -2},
    {.bitmap_index = 7909, .adv_w = 288, .box_w = 17, .box_h = 18, .ofs_x = 0, .ofs_y = -2},
    {.bitmap_index = 8062, .adv_w = 288, .box_w = 16, .box_h = 17, .ofs_x = 1, .ofs_y = -1},
    {.bitmap_index = 8198, .adv_w = 288, .box_w = 17, .box_h = 18, .ofs_x = 1, .ofs_y = -2},
    {.bitmap_index = 8351, .adv_w = 288, .box_w = 16, .box_h = 17, .ofs_x = 1, .ofs_y = -1},
    {.bitmap_index = 8487, .adv_w = 288, .box_w = 17, .box_h = 18, .ofs_x = 0, .ofs_y = -2},
    {.bitmap_index = 8640, .adv_w = 288, .box_w = 16, .box_h = 16, .ofs_x = 2, .ofs_y = -1},
    {.bitmap_index = 8768, .adv_w = 288, .box_w = 16, .box_h = 17, .ofs_x = 1, .ofs_y = -1},
    {.bitmap_index = 8904, .adv_w = 288, .box_w = 16, .box_h = 18, .ofs_x = 1, .ofs_y = -2},
    {.bitmap_index = 9048, .adv_w = 288, .box_w = 16, .box_h = 18, .ofs_x = 1, .ofs_y = -2},
    {.bitmap_index = 9192, .adv_w = 288, .box_w = 15, .box_h = 17, .ofs_x = 1, .ofs_y = -1},
    {.bitmap_index = 9320, .adv_w = 288, .box_w = 16, .box_h = 17, .ofs_x = 0, .ofs_y = -2},
    {.bitmap_index = 9456, .adv_w = 288, .box_w = 14, .box_h = 16, .ofs_x = 2, .ofs_y = -1},
    {.bitmap_index = 9568, .adv_w = 288, .box_w = 16, .box_h = 16, .ofs_x = 1, .ofs_y = -1},
    {.bitmap_index = 9696, .adv_w = 288, .box_w = 14, .box_h = 16, .ofs_x = 2, .ofs_y = -1},
    {.bitmap_index = 9808, .adv_w = 288, .box_w = 17, .box_h = 17, .ofs_x = 0, .ofs_y = -1},
    {.bitmap_index = 9953, .adv_w = 288, .box_w = 16, .box_h = 16, .ofs_x = 1, .ofs_y = -1},
    {.bitmap_index = 10081, .adv_w = 288, .box_w = 17, .box_h = 18, .ofs_x = 0, .ofs_y = -2},
    {.bitmap_index = 10234, .adv_w = 288, .box_w = 17, .box_h = 18, .ofs_x = 0, .ofs_y = -2},
    {.bitmap_index = 10387, .adv_w = 288, .box_w = 16, .box_h = 18, .ofs_x = 1, .ofs_y = -2},
    {.bitmap_index = 10531, .adv_w = 288, .box_w = 18, .box_h = 16, .ofs_x = 0, .ofs_y = -1},
    {.bitmap_index = 10675, .adv_w = 288, .box_w = 17, .box_h = 18, .ofs_x = 0, .ofs_y = -2},
    {.bitmap_index = 10828, .adv_w = 288, .box_w = 17, .box_h = 18, .ofs_x = 0, .ofs_y = -2},
    {.bitmap_index = 10981, .adv_w = 288, .box_w = 17, .box_h = 17, .ofs_x = 0, .ofs_y = -2},
    {.bitmap_index = 11126, .adv_w = 288, .box_w = 14, .box_h = 17, .ofs_x = 2, .ofs_y = -1},
    {.bitmap_index = 11245, .adv_w = 288, .box_w = 17, .box_h = 17, .ofs_x = 0, .ofs_y = -1},
    {.bitmap_index = 11390, .adv_w = 288, .box_w = 18, .box_h = 18, .ofs_x = 0, .ofs_y = -2},
    {.bitmap_index = 11552, .adv_w = 288, .box_w = 17, .box_h = 18, .ofs_x = 1, .ofs_y = -2},
    {.bitmap_index = 11705, .adv_w = 288, .box_w = 16, .box_h = 17, .ofs_x = 1, .ofs_y = -1},
    {.bitmap_index = 11841, .adv_w = 288, .box_w = 17, .box_h = 18, .ofs_x = 1, .ofs_y = -2},
    {.bitmap_index = 11994, .adv_w = 288, .box_w = 17, .box_h = 17, .ofs_x = 0, .ofs_y = -1},
    {.bitmap_index = 12139, .adv_w = 288, .box_w = 16, .box_h = 17, .ofs_x = 1, .ofs_y = -1},
    {.bitmap_index = 12275, .adv_w = 288, .box_w = 17, .box_h = 18, .ofs_x = 0, .ofs_y = -2},
    {.bitmap_index = 12428, .adv_w = 288, .box_w = 17, .box_h = 17, .ofs_x = 0, .ofs_y = -2},
    {.bitmap_index = 12573, .adv_w = 288, .box_w = 18, .box_h = 17, .ofs_x = 0, .ofs_y = -2},
    {.bitmap_index = 12726, .adv_w = 288, .box_w = 16, .box_h = 17, .ofs_x = 1, .ofs_y = -2},
    {.bitmap_index = 12862, .adv_w = 288, .box_w = 17, .box_h = 18, .ofs_x = 1, .ofs_y = -2},
    {.bitmap_index = 13015, .adv_w = 288, .box_w = 17, .box_h = 18, .ofs_x = 0, .ofs_y = -2},
    {.bitmap_index = 13168, .adv_w = 288, .box_w = 16, .box_h = 18, .ofs_x = 1, .ofs_y = -2},
    {.bitmap_index = 13312, .adv_w = 288, .box_w = 17, .box_h = 17, .ofs_x = 0, .ofs_y = -2},
    {.bitmap_index = 13457, .adv_w = 288, .box_w = 12, .box_h = 17, .ofs_x = 3, .ofs_y = -2},
    {.bitmap_index = 13559, .adv_w = 288, .box_w = 16, .box_h = 17, .ofs_x = 1, .ofs_y = -2},
    {.bitmap_index = 13695, .adv_w = 288, .box_w = 17, .box_h = 17, .ofs_x = 1, .ofs_y = -1},
    {.bitmap_index = 13840, .adv_w = 288, .box_w = 17, .box_h = 17, .ofs_x = 1, .ofs_y = -1},
    {.bitmap_index = 13985, .adv_w = 288, .box_w = 17, .box_h = 17, .ofs_x = 1, .ofs_y = -1},
    {.bitmap_index = 14130, .adv_w = 288, .box_w = 16, .box_h = 17, .ofs_x = 1, .ofs_y = -1},
    {.bitmap_index = 14266, .adv_w = 288, .box_w = 17, .box_h = 16, .ofs_x = 1, .ofs_y = -1},
    {.bitmap_index = 14402, .adv_w = 288, .box_w = 17, .box_h = 17, .ofs_x = 0, .ofs_y = -1},
    {.bitmap_index = 14547, .adv_w = 288, .box_w = 17, .box_h = 18, .ofs_x = 0, .ofs_y = -2},
    {.bitmap_index = 14700, .adv_w = 288, .box_w = 17, .box_h = 17, .ofs_x = 0, .ofs_y = -1},
    {.bitmap_index = 14845, .adv_w = 288, .box_w = 17, .box_h = 18, .ofs_x = 0, .ofs_y = -2},
    {.bitmap_index = 14998, .adv_w = 288, .box_w = 17, .box_h = 17, .ofs_x = 0, .ofs_y = -1},
    {.bitmap_index = 15143, .adv_w = 288, .box_w = 17, .box_h = 18, .ofs_x = 0, .ofs_y = -2},
    {.bitmap_index = 15296, .adv_w = 288, .box_w = 16, .box_h = 18, .ofs_x = 1, .ofs_y = -2},
    {.bitmap_index = 15440, .adv_w = 288, .box_w = 16, .box_h = 18, .ofs_x = 1, .ofs_y = -2},
    {.bitmap_index = 15584, .adv_w = 288, .box_w = 16, .box_h = 17, .ofs_x = 1, .ofs_y = -1},
    {.bitmap_index = 15720, .adv_w = 288, .box_w = 17, .box_h = 17, .ofs_x = 1, .ofs_y = -1},
    {.bitmap_index = 15865, .adv_w = 288, .box_w = 16, .box_h = 18, .ofs_x = 1, .ofs_y = -2},
    {.bitmap_index = 16009, .adv_w = 288, .box_w = 17, .box_h = 17, .ofs_x = 0, .ofs_y = -2},
    {.bitmap_index = 16154, .adv_w = 288, .box_w = 17, .box_h = 17, .ofs_x = 0, .ofs_y = -2},
    {.bitmap_index = 16299, .adv_w = 288, .box_w = 16, .box_h = 18, .ofs_x = 1, .ofs_y = -2},
    {.bitmap_index = 16443, .adv_w = 288, .box_w = 16, .box_h = 15, .ofs_x = 1, .ofs_y = -1},
    {.bitmap_index = 16563, .adv_w = 288, .box_w = 16, .box_h = 17, .ofs_x = 1, .ofs_y = -1},
    {.bitmap_index = 16699, .adv_w = 288, .box_w = 16, .box_h = 17, .ofs_x = 2, .ofs_y = -1},
    {.bitmap_index = 16835, .adv_w = 288, .box_w = 16, .box_h = 17, .ofs_x = 1, .ofs_y = -1},
    {.bitmap_index = 16971, .adv_w = 288, .box_w = 16, .box_h = 18, .ofs_x = 1, .ofs_y = -2},
    {.bitmap_index = 17115, .adv_w = 288, .box_w = 17, .box_h = 17, .ofs_x = 0, .ofs_y = -1},
    {.bitmap_index = 17260, .adv_w = 288, .box_w = 17, .box_h = 18, .ofs_x = 0, .ofs_y = -2},
    {.bitmap_index = 17413, .adv_w = 288, .box_w = 16, .box_h = 18, .ofs_x = 1, .ofs_y = -2},
    {.bitmap_index = 17557, .adv_w = 288, .box_w = 17, .box_h = 18, .ofs_x = 0, .ofs_y = -2},
    {.bitmap_index = 17710, .adv_w = 288, .box_w = 16, .box_h = 17, .ofs_x = 1, .ofs_y = -1},
    {.bitmap_index = 17846, .adv_w = 288, .box_w = 17, .box_h = 17, .ofs_x = 0, .ofs_y = -1},
    {.bitmap_index = 17991, .adv_w = 288, .box_w = 16, .box_h = 17, .ofs_x = 1, .ofs_y = -1},
    {.bitmap_index = 18127, .adv_w = 288, .box_w = 16, .box_h = 17, .ofs_x = 1, .ofs_y = -1},
    {.bitmap_index = 18263, .adv_w = 288, .box_w = 16, .box_h = 17, .ofs_x = 1, .ofs_y = -1},
    {.bitmap_index = 18399, .adv_w = 288, .box_w = 16, .box_h = 18, .ofs_x = 1, .ofs_y = -2},
    {.bitmap_index = 18543, .adv_w = 288, .box_w = 17, .box_h = 17, .ofs_x = 0, .ofs_y = -2},
    {.bitmap_index = 18688, .adv_w = 288, .box_w = 17, .box_h = 18, .ofs_x = 0, .ofs_y = -2},
    {.bitmap_index = 18841, .adv_w = 288, .box_w = 17, .box_h = 18, .ofs_x = 1, .ofs_y = -2},
    {.bitmap_index = 18994, .adv_w = 288, .box_w = 17, .box_h = 17, .ofs_x = 0, .ofs_y = -2},
    {.bitmap_index = 19139, .adv_w = 288, .box_w = 17, .box_h = 17, .ofs_x = 0, .ofs_y = -1},
    {.bitmap_index = 19284, .adv_w = 288, .box_w = 17, .box_h = 17, .ofs_x = 1, .ofs_y = -1},
    {.bitmap_index = 19429, .adv_w = 288, .box_w = 16, .box_h = 17, .ofs_x = 1, .ofs_y = -1},
    {.bitmap_index = 19565, .adv_w = 288, .box_w = 16, .box_h = 16, .ofs_x = 1, .ofs_y = -1},
    {.bitmap_index = 19693, .adv_w = 288, .box_w = 16, .box_h = 18, .ofs_x = 1, .ofs_y = -2},
    {.bitmap_index = 19837, .adv_w = 288, .box_w = 17, .box_h = 16, .ofs_x = 1, .ofs_y = -1},
    {.bitmap_index = 19973, .adv_w = 288, .box_w = 16, .box_h = 17, .ofs_x = 1, .ofs_y = -1},
    {.bitmap_index = 20109, .adv_w = 288, .box_w = 18, .box_h = 17, .ofs_x = 0, .ofs_y = -1},
    {.bitmap_index = 20262, .adv_w = 288, .box_w = 16, .box_h = 17, .ofs_x = 1, .ofs_y = -1},
    {.bitmap_index = 20398, .adv_w = 288, .box_w = 16, .box_h = 17, .ofs_x = 1, .ofs_y = -1},
    {.bitmap_index = 20534, .adv_w = 288, .box_w = 17, .box_h = 18, .ofs_x = 0, .ofs_y = -2},
    {.bitmap_index = 20687, .adv_w = 288, .box_w = 17, .box_h = 18, .ofs_x = 0, .ofs_y = -2},
    {.bitmap_index = 20840, .adv_w = 288, .box_w = 17, .box_h = 18, .ofs_x = 1, .ofs_y = -2},
    {.bitmap_index = 20993, .adv_w = 288, .box_w = 18, .box_h = 18, .ofs_x = 0, .ofs_y = -2},
    {.bitmap_index = 21155, .adv_w = 288, .box_w = 16, .box_h = 16, .ofs_x = 1, .ofs_y = -1},
    {.bitmap_index = 21283, .adv_w = 288, .box_w = 16, .box_h = 16, .ofs_x = 1, .ofs_y = -1},
    {.bitmap_index = 21411, .adv_w = 288, .box_w = 16, .box_h = 16, .ofs_x = 1, .ofs_y = -1},
    {.bitmap_index = 21539, .adv_w = 288, .box_w = 17, .box_h = 18, .ofs_x = 1, .ofs_y = -2},
    {.bitmap_index = 21692, .adv_w = 288, .box_w = 17, .box_h = 17, .ofs_x = 1, .ofs_y = -1},
    {.bitmap_index = 21837, .adv_w = 288, .box_w = 16, .box_h = 17, .ofs_x = 1, .ofs_y = -2}
};

/*---------------------
 *  CHARACTER MAPPING
 *--------------------*/

static const uint16_t unicode_list_1[] = {
    0x0, 0x2dda, 0x2de1, 0x2de3, 0x2de4, 0x2de5, 0x2dfe, 0x2e07,
    0x2e23, 0x2e4a, 0x2e66, 0x2e68, 0x2e6e, 0x2ef4, 0x2fbb, 0x2fc8,
    0x303f, 0x311d, 0x313f, 0x3142, 0x3146, 0x314d, 0x31d5, 0x31e0,
    0x31ec, 0x327a, 0x3313, 0x3322, 0x3395, 0x33a5, 0x33e7, 0x3442,
    0x36b8, 0x36bc, 0x36ce, 0x370a, 0x3765, 0x3962, 0x39a5, 0x3b66,
    0x3be9, 0x3c0b, 0x3ed4, 0x3eda, 0x3eef, 0x3f71, 0x3f88, 0x3fc5,
    0x41eb, 0x41f0, 0x4258, 0x427f, 0x433c, 0x4351, 0x43aa, 0x43f6,
    0x4513, 0x4561, 0x4593, 0x45ba, 0x45bf, 0x46e5, 0x4702, 0x4705,
    0x4706, 0x473b, 0x4776, 0x47bf, 0x4816, 0x483d, 0x48a5, 0x48e7,
    0x49fb, 0x4afb, 0x4b3f, 0x4ba9, 0x4c0e, 0x4caf, 0x4d25, 0x4ddf,
    0x5093, 0x5365, 0x54f9, 0x550f, 0x565e, 0x5995, 0x59a7, 0x59d5,
    0x5b71, 0x5caf, 0x5cfc, 0x5e84, 0x5e99, 0x5ead, 0x5ec4, 0x6024,
    0x66a5, 0x6842, 0x689f, 0x695b, 0x6b7b, 0x6baf, 0x6bbc, 0x6bc7,
    0x6bce, 0x6bd8, 0x6dab, 0x6e85, 0x6f40, 0x6f57, 0x6f6d, 0x6fb3,
    0x6fe3, 0x6ffa, 0x7127, 0x716c, 0x71a6, 0x75f9, 0x763e, 0x785e
};

/*Collect the unicode lists and glyph_id offsets*/
static const lv_font_fmt_txt_cmap_t cmaps[] =
{
    {
        .range_start = 32, .range_length = 96, .glyph_id_start = 1,
        .unicode_list = NULL, .glyph_id_ofs_list = NULL, .list_length = 0, .type = LV_FONT_FMT_TXT_CMAP_FORMAT0_TINY
    },
    {
        .range_start = 8230, .range_length = 30815, .glyph_id_start = 97,
        .unicode_list = unicode_list_1, .glyph_id_ofs_list = NULL, .list_length = 120, .type = LV_FONT_FMT_TXT_CMAP_SPARSE_TINY
    }
};

/*-----------------
 *    KERNING
 *----------------*/


/*Map glyph_ids to kern left classes*/
static const uint8_t kern_left_class_mapping[] =
{
    0, 0, 0, 0, 0, 0, 0, 1,
    0, 0, 0, 0, 0, 0, 0, 0,
    0, 0, 0, 0, 0, 0, 0, 0,
    0, 0, 0, 0, 0, 0, 0, 0,
    0, 0, 2, 3, 4, 5, 6, 7,
    8, 0, 0, 9, 10, 11, 0, 0,
    5, 12, 13, 14, 15, 16, 17, 18,
    19, 20, 21, 22, 0, 0, 0, 0,
    23, 0, 24, 25, 26, 0, 27, 28,
    29, 24, 0, 0, 30, 31, 24, 24,
    25, 25, 29, 32, 33, 34, 29, 35,
    36, 37, 35, 38, 0, 0, 0, 0,
    0, 0, 0, 0, 0, 0, 0, 0,
    0, 0, 0, 0, 0, 0, 0, 0,
    0, 0, 0, 0, 0, 0, 0, 0,
    0, 0, 0, 0, 0, 0, 0, 0,
    0, 0, 0, 0, 0, 0, 0, 0,
    0, 0, 0, 0, 0, 0, 0, 0,
    0, 0, 0, 0, 0, 0, 0, 0,
    0, 0, 0, 0, 0, 0, 0, 0,
    0, 0, 0, 0, 0, 0, 0, 0,
    0, 0, 0, 0, 0, 0, 0, 0,
    0, 0, 0, 0, 0, 0, 0, 0,
    0, 0, 0, 0, 0, 0, 0, 0,
    0, 0, 0, 0, 0, 0, 0, 0,
    0, 0, 0, 0, 0, 0, 0, 0,
    0, 0, 0, 0, 0, 0, 0, 0,
    0
};

/*Map glyph_ids to kern right classes*/
static const uint8_t kern_right_class_mapping[] =
{
    0, 0, 0, 0, 0, 0, 0, 1,
    0, 0, 0, 0, 0, 0, 0, 0,
    0, 0, 0, 0, 0, 0, 0, 0,
    0, 0, 0, 0, 0, 0, 0, 0,
    0, 0, 2, 0, 3, 0, 0, 0,
    3, 0, 0, 4, 0, 0, 0, 0,
    3, 0, 3, 0, 5, 6, 7, 8,
    9, 10, 11, 12, 0, 0, 0, 0,
    0, 0, 13, 0, 14, 14, 14, 15,
    14, 0, 0, 16, 0, 17, 18, 18,
    14, 18, 14, 18, 19, 20, 21, 22,
    23, 24, 22, 25, 0, 0, 0, 0,
    0, 0, 0, 0, 0, 0, 0, 0,
    0, 0, 0, 0, 0, 0, 0, 0,
    0, 0, 0, 0, 0, 0, 0, 0,
    0, 0, 0, 0, 0, 0, 0, 0,
    0, 0, 0, 0, 0, 0, 0, 0,
    0, 0, 0, 0, 0, 0, 0, 0,
    0, 0, 0, 0, 0, 0, 0, 0,
    0, 0, 0, 0, 0, 0, 0, 0,
    0, 0, 0, 0, 0, 0, 0, 0,
    0, 0, 0, 0, 0, 0, 0, 0,
    0, 0, 0, 0, 0, 0, 0, 0,
    0, 0, 0, 0, 0, 0, 0, 0,
    0, 0, 0, 0, 0, 0, 0, 0,
    0, 0, 0, 0, 0, 0, 0, 0,
    0, 0, 0, 0, 0, 0, 0, 0,
    0
};

/*Kern values between classes*/
static const int8_t kern_class_values[] =
{
    0, 0, -3, -8, 0, -23, -6, -20,
    -12, 0, -29, 0, -5, -3, -1, 0,
    -7, 0, 0, -2, 0, -11, -8, 0,
    0, -3, 0, -7, 0, 0, -39, -5,
    -31, -21, 0, -34, 0, 0, -5, 0,
    0, 0, 0, 0, 0, 0, -14, -7,
    0, 0, 0, -6, 0, 0, 0, -7,
    0, -6, -5, -6, -10, -3, 0, 0,
    0, 0, 0, 0, 0, 0, 0, -3,
    0, -1, -2, 0, 0, -6, 0, 0,
    -3, 0, 0, 0, -6, -3, -3, 0,
    0, 0, 0, 0, 0, 0, 0, 0,
    -6, -6, -3, 0, 0, -9, 0, -17,
    0, -9, 0, -10, -5, -15, -14, -10,
    0, 0, 0, 0, 0, 0, 0, 0,
    0, 0, 0, 0, -3, -6, 0, -4,
    0, 0, 0, 0, 0, 0, 0, 0,
    0, 0, 0, 0, 0, 0, 0, 0,
    0, 0, -3, -4, 0, 0, -8, -18,
    0, -31, -4, 0, 0, 0, 0, -6,
    0, 0, -18, -7, 0, 0, 0, 0,
    0, 0, -6, -3, -3, -12, -3, 0,
    -6, 0, 0, 0, -9, 0, -12, -5,
    -8, -18, -3, 0, 0, 0, 0, 0,
    0, -3, 0, 0, -7, -9, -6, 0,
    0, 0, 0, 0, 0, 0, 0, 0,
    0, -5, 0, 0, 0, 0, 0, 0,
    0, 0, 0, 0, 0, 0, 0, 0,
    0, -12, 0, -18, -14, -9, 0, -14,
    0, 0, 0, 0, 0, -9, -15, 0,
    0, 0, 0, -3, -14, -14, -23, -18,
    0, 0, 0, 0, -12, 0, 0, -39,
    -6, -35, -24, 0, -40, 0, 0, 0,
    -6, 0, 0, 0, 0, -11, -6, -23,
    -14, 0, 0, -12, -24, 0, -48, 0,
    -6, 0, -7, -5, -12, -9, -6, -16,
    -14, 0, 0, 0, 0, -11, 0, -12,
    0, 0, 0, 0, 0, -8, 0, 0,
    0, -9, 0, -7, -7, -13, -14, -3,
    0, 0, 0, 0, 0, 0, 0, 0,
    0, 0, 0, 0, 0, -4, 0, -2,
    -8, 0, -5, 0, -5, -3, 0, -10,
    0, -4, -6, 0, 0, 0, 0, 0,
    0, -6, 0, 0, 0, 0, 0, 0,
    0, 0, 0, -7, 0, -3, 0, -8,
    -3, 0, 0, 0, 0, 0, 0, 0,
    0, 0, 0, -6, -6, -3, -4, -17,
    -39, -9, -46, -7, 0, 0, 0, 0,
    -8, 0, 0, -29, -29, -14, 0, 0,
    -26, -37, -6, -29, -32, -29, -31, -33,
    0, -5, 0, -7, 0, 0, 0, 0,
    0, -5, 0, 0, 0, 0, 0, 0,
    0, 0, 0, 0, 0, 0, 0, 0,
    0, -20, -31, -10, -46, -3, 0, 0,
    0, 0, 0, 0, 0, -25, -23, -10,
    0, 0, -23, -21, -6, -21, -9, -9,
    -12, -12, -11, -21, -5, -26, -2, 0,
    0, 0, 0, 0, 0, 0, -15, -13,
    -6, 0, 0, -14, -14, -3, -13, -9,
    -9, -12, -12, -6, 0, -15, 0, -4,
    -8, -5, 0, 0, 0, 0, 0, -2,
    -11, -6, 0, -2, -5, -9, -14, -12,
    -24, -21, 0, 0, -23, -34, -14, -49,
    -9, 0, 0, 0, 0, 0, 0, 0,
    -44, -41, -14, 0, 0, -43, -37, -17,
    -41, -29, -28, -29, -32, -12, 0, -14,
    0, 0, 0, -5, 0, 0, 0, 0,
    0, 0, -5, 0, 0, 0, 0, 0,
    -8, -9, -12, -12, 0, 0, 0, 0,
    0, 0, 0, 0, 0, 0, 0, 0,
    0, 0, 0, 0, 0, 18, 0, 0,
    0, 0, 0, 0, 0, 0, 0, 0,
    0, 0, 0, 0, -29, 0, -24, -14,
    -5, -45, 0, 0, 0, 0, 0, 0,
    0, 0, 0, 0, -1, -2, -3, 0,
    0, -5, 0, 0, 0, -29, 0, -23,
    -13, -11, -41, -3, 0, 0, 0, 0,
    0, 0, 0, 0, 0, -4, -3, -10,
    -2, 0, 0, 0, 0, 0, -29, 0,
    -13, -10, -5, -35, 0, 0, 0, 0,
    0, 0, 0, 0, 0, 0, -3, 0,
    -6, 0, 0, 0, 0, 0, 0, -29,
    0, -18, -10, -9, -33, 0, 0, 0,
    0, 0, 0, 0, 0, 0, 0, -2,
    -1, -5, 0, -9, -17, 0, -20, 0,
    0, 0, 0, 0, 0, 0, 0, -5,
    -5, 0, 0, 0, 0, -4, 0, -3,
    0, 0, 0, 0, 0, 0, 0, 0,
    0, -26, 0, -23, -15, 0, -40, 0,
    0, 0, 0, 1, 0, 0, 0, 0,
    0, 0, 0, 0, 0, -4, 0, -6,
    0, 0, -43, -3, -14, -9, 0, -23,
    0, -3, -5, 0, 0, -1, 0, -3,
    -2, -4, 0, 0, 0, 0, -4, 0,
    -3, 0, 0, 0, 0, 0, 0, 0,
    0, 0, 0, 0, 0, 0, 0, 0,
    0, 0, -2, -2, -2, 0, 0, -15,
    0, 0, 0, 0, -26, 0, 0, 0,
    -23, -20, -14, -3, -4, 0, 0, 0,
    0, -3, 0, -5, 0, 0, 0, 0,
    0, 0, 0, 0, 0, -36, 0, -15,
    -12, -9, -34, 0, 0, 0, 0, 0,
    0, 0, 0, 0, 0, 0, 0, -6,
    0, 0, 0, 0, 0, 0, -6, 0,
    -6, -3, 0, -14, 0, 0, -2, 0,
    0, 0, 0, -2, 0, -1, 0, 0,
    0, 0, -12, -14, 0, -26, 0, -32,
    0, -9, -9, -24, -29, -15, -2, -4,
    0, 0, 0, 0, -2, 0, 0, 0,
    0, 0, 0, -6, -7, 0, -20, 0,
    -29, 0, -9, -9, -21, -28, -12, -2,
    -3, 0, 0, 0, 0, -2, 0, 0,
    0, 0, 0, 0, -4, 0, -3, 0,
    0, -31, 0, -12, -12, 0, -29, 0,
    -4, -10, 0, 0, -3, 0, -6, 0,
    -4, 0, 0, 0, 0, -9, 0, -9,
    0, 0, -32, 0, -9, -13, 0, -31,
    0, -1, -5, 0, 0, 0, 0, -2,
    0, -2, 0, 0, 0, 0
};


/*Collect the kern class' data in one place*/
static const lv_font_fmt_txt_kern_classes_t kern_classes =
{
    .class_pair_values   = kern_class_values,
    .left_class_mapping  = kern_left_class_mapping,
    .right_class_mapping = kern_right_class_mapping,
    .left_class_cnt      = 38,
    .right_class_cnt     = 25,
};

/*--------------------
 *  ALL CUSTOM DATA
 *--------------------*/

#if LVGL_VERSION_MAJOR == 8
/*Store all the custom data of the font*/
static  lv_font_fmt_txt_glyph_cache_t cache;
#endif

#if LVGL_VERSION_MAJOR >= 8
static const lv_font_fmt_txt_dsc_t font_dsc = {
#else
static lv_font_fmt_txt_dsc_t font_dsc = {
#endif
    .glyph_bitmap = glyph_bitmap,
    .glyph_dsc = glyph_dsc,
    .cmaps = cmaps,
    .kern_dsc = &kern_classes,
    .kern_scale = 16,
    .cmap_num = 2,
    .bpp = 4,
    .kern_classes = 1,
    .bitmap_format = 0,
#if LVGL_VERSION_MAJOR == 8
    .cache = &cache
#endif
};



/*-----------------
 *  PUBLIC FONT
 *----------------*/

/*Initialize a public general font descriptor*/
#if LVGL_VERSION_MAJOR >= 8
const lv_font_t lv_font_misans_ui = {
#else
lv_font_t lv_font_misans_ui = {
#endif
    .get_glyph_dsc = lv_font_get_glyph_dsc_fmt_txt,    /*Function pointer to get glyph's data*/
    .get_glyph_bitmap = lv_font_get_bitmap_fmt_txt,    /*Function pointer to get glyph's bitmap*/
    .line_height = 20,          /*The maximum line height required by the font*/
    .base_line = 4,             /*Baseline measured from the bottom of the line*/
#if !(LVGL_VERSION_MAJOR == 6 && LVGL_VERSION_MINOR == 0)
    .subpx = LV_FONT_SUBPX_NONE,
#endif
#if LV_VERSION_CHECK(7, 4, 0) || LVGL_VERSION_MAJOR >= 8
    .underline_position = -1,
    .underline_thickness = 1,
#endif
    .dsc = &font_dsc,          /*The custom font data. Will be accessed by `get_glyph_bitmap/dsc` */
#if LV_VERSION_CHECK(8, 2, 0) || LVGL_VERSION_MAJOR >= 9
    .fallback = NULL,
#endif
    .user_data = NULL,
};



#endif /*#if LV_FONT_MISANS_UI*/

